episode_id,query_id,mitigation_action,target_log2_gain,action_median_seconds,action_iqr_seconds,strict_best_action,winner_count_of_five,delta_from_best_ci_low,delta_from_best_ci_high,tie_acceptable
confirmatory::q16_event_value_squared,q16_event_value_squared,increase_gac_work_mem,0.0060824447796626905,5.29784,0.06247700000000034,mitigate_remote_path_bundle,0,2.10966542769828,2.2872626676597148,False
confirmatory::q16_event_value_squared,q16_event_value_squared,regional_topk_candidates,1.8955946596505742,1.429878,0.05148900000000012,mitigate_remote_path_bundle,0,0.17140289991156665,0.39135350314783146,False
confirmatory::q16_event_value_squared,q16_event_value_squared,mitigate_remote_path_bundle,2.264698571084107,1.107102,0.07206199999999985,mitigate_remote_path_bundle,5,0.0,0.0,True
confirmatory::q17_event_log_value,q17_event_log_value,increase_gac_work_mem,0.004059846656188627,9.340198,0.04238999999999926,regional_topk_candidates,0,2.6083306836147226,2.635383524012124,False
confirmatory::q17_event_log_value,q17_event_log_value,regional_topk_candidates,2.6240748728034045,1.519333,0.018595999999999835,regional_topk_candidates,5,0.0,0.0,True
confirmatory::q17_event_log_value,q17_event_log_value,mitigate_remote_path_bundle,2.481874632402211,1.676716,0.12917299999999998,regional_topk_candidates,0,0.0808863978805241,0.2540842435483768,False
confirmatory::q18_event_recent_high_value,q18_event_recent_high_value,increase_gac_work_mem,0.0004003444414566093,17.168936,0.17344699999999946,mitigate_remote_path_bundle,0,2.6549278198566957,2.817489313087156,False
confirmatory::q18_event_recent_high_value,q18_event_recent_high_value,regional_topk_candidates,1.773856703706942,5.022036,0.06483400000000028,mitigate_remote_path_bundle,0,0.8930488080267287,1.0301015535647984,False
confirmatory::q18_event_recent_high_value,q18_event_recent_high_value,mitigate_remote_path_bundle,2.720690641059948,2.60528,0.15150200000000025,mitigate_remote_path_bundle,5,0.0,0.0,True
confirmatory::q19_event_old_low_value,q19_event_old_low_value,increase_gac_work_mem,-0.01565499209012576,29.416306,0.5258059999999993,mitigate_remote_path_bundle,0,2.669131705924896,2.8966151978275114,False
confirmatory::q19_event_old_low_value,q19_event_old_low_value,regional_topk_candidates,1.9103453877299699,7.741128,0.07960900000000048,mitigate_remote_path_bundle,0,0.7228661327480612,0.9706148180074154,False
confirmatory::q19_event_old_low_value,q19_event_old_low_value,mitigate_remote_path_bundle,2.7330315198255986,4.376743,0.40149100000000004,mitigate_remote_path_bundle,5,0.0,0.0,True
confirmatory::q20_event_tenant_weighted,q20_event_tenant_weighted,increase_gac_work_mem,-0.001080629775810293,5.310148,0.08430399999999949,mitigate_remote_path_bundle,0,1.9325585850501275,2.2727724073030973,False
confirmatory::q20_event_tenant_weighted,q20_event_tenant_weighted,regional_topk_candidates,1.6587190886894552,1.680572,0.03635799999999989,mitigate_remote_path_bundle,0,0.20976949573806314,0.6216697303999799,False
confirmatory::q20_event_tenant_weighted,q20_event_tenant_weighted,mitigate_remote_path_bundle,2.18515866310031,1.166764,0.10369700000000015,mitigate_remote_path_bundle,5,0.0,0.0,True
confirmatory::q21_tenant_value_range,q21_tenant_value_range,increase_gac_work_mem,-0.020072526480201414,9.191153,0.07775900000000036,regional_topk_candidates,0,2.743094970980182,2.838211911614028,False
confirmatory::q21_tenant_value_range,q21_tenant_value_range,regional_topk_candidates,2.7714495122330693,1.327511,0.06253599999999992,regional_topk_candidates,5,0.0,0.0,True
confirmatory::q21_tenant_value_range,q21_tenant_value_range,mitigate_remote_path_bundle,2.56805394393617,1.528503,0.010075999999999974,regional_topk_candidates,0,0.04267605559903176,0.28330356855827565,False
confirmatory::q22_tenant_distinct_users,q22_tenant_distinct_users,increase_gac_work_mem,-0.008677696787107461,17.998563,0.07568000000000197,regional_topk_candidates,0,3.508160008439238,3.6310930124227103,False
confirmatory::q22_tenant_distinct_users,q22_tenant_distinct_users,regional_topk_candidates,3.555959268613438,1.521161,0.042211,regional_topk_candidates,5,0.0,0.0,True
confirmatory::q22_tenant_distinct_users,q22_tenant_distinct_users,mitigate_remote_path_bundle,2.4862579781059213,3.192915,0.3535599999999999,regional_topk_candidates,0,1.0095113943128027,1.489885136798815,False
confirmatory::q23_tenant_even_user_count,q23_tenant_even_user_count,increase_gac_work_mem,0.015058962894251333,29.502291,0.46060600000000207,regional_topk_candidates,0,4.22748669416348,4.309054241459059,False
confirmatory::q23_tenant_even_user_count,q23_tenant_even_user_count,regional_topk_candidates,4.3105287566330395,1.502417,0.09289900000000006,regional_topk_candidates,5,0.0,0.0,True
confirmatory::q23_tenant_even_user_count,q23_tenant_even_user_count,mitigate_remote_path_bundle,2.6753825724461664,4.666793,0.32732200000000056,regional_topk_candidates,0,1.543898546911553,1.6351461841868735,False
confirmatory::q24_tenant_midband_sum,q24_tenant_midband_sum,increase_gac_work_mem,0.0005768633135637768,5.163389,0.034272999999999776,mitigate_remote_path_bundle,0,2.309462780025954,2.418269334154149,False
confirmatory::q24_tenant_midband_sum,q24_tenant_midband_sum,regional_topk_candidates,2.0149384597613245,1.278061,0.03588800000000014,mitigate_remote_path_bundle,0,0.2986638467709688,0.41635250592616546,False
confirmatory::q24_tenant_midband_sum,q24_tenant_midband_sum,mitigate_remote_path_bundle,2.3456043129171067,1.016275,0.017503000000000046,mitigate_remote_path_bundle,5,0.0,0.0,True
confirmatory::q25_tenant_day_avg,q25_tenant_day_avg,increase_gac_work_mem,0.014905720466904209,9.147154,0.034872000000000014,mitigate_remote_path_bundle,0,2.3842161046814914,2.5345962848308865,False
confirmatory::q25_tenant_day_avg,q25_tenant_day_avg,regional_topk_candidates,0.21110754376475907,7.984052,0.045845999999999165,mitigate_remote_path_bundle,0,2.180855481346746,2.3504326296279703,False
confirmatory::q25_tenant_day_avg,q25_tenant_day_avg,mitigate_remote_path_bundle,2.5043456795584285,1.628883,0.138698,mitigate_remote_path_bundle,5,0.0,0.0,True
confirmatory::q26_tenant_hour_count,q26_tenant_hour_count,increase_gac_work_mem,0.01491955722392457,5.185613,0.06822899999999965,mitigate_remote_path_bundle,0,1.9240708557523452,2.3229583368904447,False
confirmatory::q26_tenant_hour_count,q26_tenant_hour_count,regional_topk_candidates,0.2529047239556116,4.39703,0.024460999999999622,mitigate_remote_path_bundle,0,1.6730035343318126,2.1049910936903826,False
confirmatory::q26_tenant_hour_count,q26_tenant_hour_count,mitigate_remote_path_bundle,2.2617413967292537,1.092545,0.019291999999999865,mitigate_remote_path_bundle,5,0.0,0.0,True
confirmatory::q27_user_sum,q27_user_sum,increase_gac_work_mem,-0.007148659517147978,9.173716,0.08970599999999962,regional_topk_candidates,0,2.7467159611252314,2.795609563012984,False
confirmatory::q27_user_sum,q27_user_sum,regional_topk_candidates,2.7658944387714453,1.342073,0.044233999999999885,regional_topk_candidates,5,0.0,0.0,True
confirmatory::q27_user_sum,q27_user_sum,mitigate_remote_path_bundle,2.4740461795514137,1.642976,0.09896900000000008,regional_topk_candidates,0,0.20820176460218098,0.3956797829698431,False
confirmatory::q28_user_count,q28_user_count,increase_gac_work_mem,0.012141863394636878,17.197545,0.3386950000000013,regional_topk_candidates,0,3.570719342975253,3.6844361462902273,False
confirmatory::q28_user_count,q28_user_count,regional_topk_candidates,3.638995230860627,1.392114,0.041935000000000056,regional_topk_candidates,5,0.0,0.0,True
confirmatory::q28_user_count,q28_user_count,mitigate_remote_path_bundle,2.729203470069956,2.615468,0.10420499999999988,regional_topk_candidates,0,0.8649126853238309,1.1900772957816317,False
confirmatory::q29_user_value_range,q29_user_value_range,increase_gac_work_mem,-0.0023686660882451063,29.512575,0.30864899999999906,regional_topk_candidates,0,4.133693654091933,4.321428233800534,False
confirmatory::q29_user_value_range,q29_user_value_range,regional_topk_candidates,4.23526319081392,1.564418,0.071156,regional_topk_candidates,5,0.0,0.0,True
confirmatory::q29_user_value_range,q29_user_value_range,mitigate_remote_path_bundle,2.64649122711651,4.705663,0.3477459999999999,regional_topk_candidates,0,1.4805689707082283,1.8704551862267635,False
confirmatory::q30_user_day_sum,q30_user_day_sum,increase_gac_work_mem,-0.005392335917142827,5.199284,0.016817999999999778,mitigate_remote_path_bundle,0,2.1800013544078998,2.3954263213390847,False
confirmatory::q30_user_day_sum,q30_user_day_sum,regional_topk_candidates,0.19433854962301422,4.527084,0.01500799999999991,mitigate_remote_path_bundle,0,2.0075991918790326,2.1937316631166435,False
confirmatory::q30_user_day_sum,q30_user_day_sum,mitigate_remote_path_bundle,2.29309130019046,1.056893,0.039403999999999995,mitigate_remote_path_bundle,5,0.0,0.0,True
