episode_id,query_id,topology_id,cohort,scenario_order,logical_question_id,round_id,case_index,best_action,winner_margin_log2,pca_1,pca_2,pca_3,pca_4,pca_5,pca_6,gain__increase_gac_work_mem,gain__regional_topk_candidates,gain__mitigate_remote_path_bundle
"reference::cross-action-pilot-v1::pilot_gac_topk::raw-large-balanced-v1::{""cutoff_ts"":""2026-06-01 00:00:00+00"",""limit_k"":5000}","cross-action-pilot-v1::pilot_gac_topk::raw-large-balanced-v1::{""cutoff_ts"":""2026-06-01 00:00:00+00"",""limit_k"":5000}",eu_us_gac,reference,1,event_raw_wide_sample,development,0,regional_topk_candidates,0.5781693289455241,3.7915856443374003,0.6455829191404471,1.2981007074515034,0.8031815046382363,1.0746523020403747,0.5501278564531965,0.0116307678132073,5.045466088749672,4.467296759804148
"reference::cross-action-pilot-v1::pilot_gac_topk::raw-small-balanced-v1::{""cutoff_ts"":""2026-06-01 00:00:00+00"",""limit_k"":5000}","cross-action-pilot-v1::pilot_gac_topk::raw-small-balanced-v1::{""cutoff_ts"":""2026-06-01 00:00:00+00"",""limit_k"":5000}",eu_us_gac,reference,2,event_raw_wide_sample,development,1,mitigate_remote_path_bundle,2.1890713358559077,-0.25642106022204625,0.8778162741572574,0.5730394105839887,-0.36492525416313165,-0.1655795012490893,-0.01808961263896292,0.0106406666902462,1.5442528549456571,3.733324190801565
"reference::fuzzy-memory-topk-panel-v1::fuzzy_topk_balanced::raw-large-balanced-v1::{""cutoff_ts"":""2026-06-24 00:00:00+00"",""limit_k"":10000}","fuzzy-memory-topk-panel-v1::fuzzy_topk_balanced::raw-large-balanced-v1::{""cutoff_ts"":""2026-06-24 00:00:00+00"",""limit_k"":10000}",eu_us_gac,reference,3,event_raw_wide_sample,development,2,regional_topk_candidates,0.29745950732161397,2.575428871269651,0.8827531601441666,-0.14590968965183038,0.05295961537478902,-0.11393144452018926,-0.13694805106332814,0.033912495820706,2.983182859705127,2.685723352383513
"reference::fuzzy-memory-topk-panel-v1::fuzzy_topk_balanced::raw-large-balanced-v1::{""cutoff_ts"":""2026-06-24 00:00:00+00"",""limit_k"":100}","fuzzy-memory-topk-panel-v1::fuzzy_topk_balanced::raw-large-balanced-v1::{""cutoff_ts"":""2026-06-24 00:00:00+00"",""limit_k"":100}",eu_us_gac,reference,4,event_raw_wide_sample,development,3,regional_topk_candidates,1.5069035591654578,2.226490324899238,-1.3353666297255053,-0.006429746292128548,0.08162019372859204,-0.07381265746921493,-0.20704493195362675,-0.0218364506141406,4.405764321102397,2.898860761936939
"reference::fuzzy-memory-topk-panel-v1::fuzzy_topk_balanced::raw-large-balanced-v1::{""cutoff_ts"":""2026-06-29 00:00:00+00"",""limit_k"":10000}","fuzzy-memory-topk-panel-v1::fuzzy_topk_balanced::raw-large-balanced-v1::{""cutoff_ts"":""2026-06-29 00:00:00+00"",""limit_k"":10000}",eu_us_gac,reference,5,event_raw_wide_sample,development,4,mitigate_remote_path_bundle,0.3228642924552312,1.6618876269642786,0.9259049702575038,-0.3679634011723171,-0.5321334382573917,-0.1706398418215861,-0.05534158563424264,0.0128070569269704,2.3178971333467917,2.640761425802023
"reference::fuzzy-memory-topk-panel-v1::fuzzy_topk_balanced::raw-large-balanced-v1::{""cutoff_ts"":""2026-06-29 00:00:00+00"",""limit_k"":100}","fuzzy-memory-topk-panel-v1::fuzzy_topk_balanced::raw-large-balanced-v1::{""cutoff_ts"":""2026-06-29 00:00:00+00"",""limit_k"":100}",eu_us_gac,reference,6,event_raw_wide_sample,development,5,regional_topk_candidates,0.26052249824145157,1.4272169489681459,-1.1866062790546898,-0.05739520338206124,-0.6148584109606343,0.11120681586539256,-0.01549833692626418,0.0072951999589837,2.9074514602042885,2.646928961962837
"reference::fuzzy-memory-topk-panel-v1::fuzzy_topk_balanced::raw-small-balanced-v1::{""cutoff_ts"":""2026-06-24 00:00:00+00"",""limit_k"":10000}","fuzzy-memory-topk-panel-v1::fuzzy_topk_balanced::raw-small-balanced-v1::{""cutoff_ts"":""2026-06-24 00:00:00+00"",""limit_k"":10000}",eu_us_gac,reference,7,event_raw_wide_sample,development,6,mitigate_remote_path_bundle,1.8530878151609926,-1.8197354691170444,1.3486832308016348,0.08679977043865447,-0.13619485383906219,0.466328059979918,-0.3551860252075112,0.0038033844690445,0.0197799321236082,1.872867747284601
"reference::fuzzy-memory-topk-panel-v1::fuzzy_topk_balanced::raw-small-balanced-v1::{""cutoff_ts"":""2026-06-24 00:00:00+00"",""limit_k"":100}","fuzzy-memory-topk-panel-v1::fuzzy_topk_balanced::raw-small-balanced-v1::{""cutoff_ts"":""2026-06-24 00:00:00+00"",""limit_k"":100}",eu_us_gac,reference,8,event_raw_wide_sample,development,7,mitigate_remote_path_bundle,1.5480963761940818,-2.098325939261273,-0.8605683470477049,0.09915594705764746,0.28159428936509107,0.25725375398001143,-0.33161255774098847,0.0558843856774697,0.44208027974939,1.990176655943472
"reference::fuzzy-memory-topk-panel-v1::fuzzy_topk_balanced::raw-small-balanced-v1::{""cutoff_ts"":""2026-06-29 00:00:00+00"",""limit_k"":10000}","fuzzy-memory-topk-panel-v1::fuzzy_topk_balanced::raw-small-balanced-v1::{""cutoff_ts"":""2026-06-29 00:00:00+00"",""limit_k"":10000}",eu_us_gac,reference,9,event_raw_wide_sample,development,8,mitigate_remote_path_bundle,1.8075568166264722,-2.570212603651555,0.6889319139039684,0.14109142734395244,-0.6432820204736078,0.232030693494415,0.32120737036378244,0.0150523391068186,0.005319769899148,1.8226091557332909
"reference::fuzzy-memory-topk-panel-v1::fuzzy_topk_balanced::raw-small-balanced-v1::{""cutoff_ts"":""2026-06-29 00:00:00+00"",""limit_k"":100}","fuzzy-memory-topk-panel-v1::fuzzy_topk_balanced::raw-small-balanced-v1::{""cutoff_ts"":""2026-06-29 00:00:00+00"",""limit_k"":100}",eu_us_gac,reference,10,event_raw_wide_sample,development,9,mitigate_remote_path_bundle,1.657608558823928,-2.6691985033789822,-0.8605526558963682,0.3551978756627421,-0.4557825249142463,0.11603795087056958,0.2538592451844362,0.0157288694887206,0.229469143231732,1.88707770205566
"reference::fuzzy-memory-topk-panel-v1::fuzzy_topk_memory_severe::raw-large-balanced-v1::{""cutoff_ts"":""2026-06-24 00:00:00+00"",""limit_k"":10000}","fuzzy-memory-topk-panel-v1::fuzzy_topk_memory_severe::raw-large-balanced-v1::{""cutoff_ts"":""2026-06-24 00:00:00+00"",""limit_k"":10000}",eu_us_gac,reference,11,event_raw_wide_sample,development,10,regional_topk_candidates,0.5779616655468656,2.420506712240128,0.879722774672392,-1.2971902346649926,0.3281074464972664,-0.024080530160535234,-0.0066294648048123355,0.1519052149533546,1.8696813627440243,1.2917196971971587
"reference::fuzzy-memory-topk-panel-v1::fuzzy_topk_memory_severe::raw-large-balanced-v1::{""cutoff_ts"":""2026-06-24 00:00:00+00"",""limit_k"":100}","fuzzy-memory-topk-panel-v1::fuzzy_topk_memory_severe::raw-large-balanced-v1::{""cutoff_ts"":""2026-06-24 00:00:00+00"",""limit_k"":100}",eu_us_gac,reference,12,event_raw_wide_sample,development,11,regional_topk_candidates,1.8228807506435123,2.0520741315042503,-1.3407714411417284,-0.9570713916360701,0.08844209589018685,0.1899685872143546,-0.12966365579165548,0.0078718370666349,3.251278574713406,1.4283978240698936
"reference::fuzzy-memory-topk-panel-v1::fuzzy_topk_memory_severe::raw-large-balanced-v1::{""cutoff_ts"":""2026-06-29 00:00:00+00"",""limit_k"":10000}","fuzzy-memory-topk-panel-v1::fuzzy_topk_memory_severe::raw-large-balanced-v1::{""cutoff_ts"":""2026-06-29 00:00:00+00"",""limit_k"":10000}",eu_us_gac,reference,13,event_raw_wide_sample,development,12,regional_topk_candidates,0.17622401758448825,1.4600579323223966,0.8239074663738168,-1.5449119007227285,0.2716648998297195,-0.5626784912009969,0.2529903185879589,0.10933387522275,1.3679764624529054,1.1917524448684171
"reference::fuzzy-memory-topk-panel-v1::fuzzy_topk_memory_severe::raw-large-balanced-v1::{""cutoff_ts"":""2026-06-29 00:00:00+00"",""limit_k"":100}","fuzzy-memory-topk-panel-v1::fuzzy_topk_memory_severe::raw-large-balanced-v1::{""cutoff_ts"":""2026-06-29 00:00:00+00"",""limit_k"":100}",eu_us_gac,reference,14,event_raw_wide_sample,development,13,regional_topk_candidates,0.7521985299040588,1.2146992045145377,-1.2264199844300765,-1.0707970812892138,-0.6392870049544261,0.34477718163867943,0.01232236193474685,0.0274589574398124,2.0868568298219983,1.3346582999179395
"reference::fuzzy-memory-topk-panel-v1::fuzzy_topk_memory_severe::raw-small-balanced-v1::{""cutoff_ts"":""2026-06-24 00:00:00+00"",""limit_k"":10000}","fuzzy-memory-topk-panel-v1::fuzzy_topk_memory_severe::raw-small-balanced-v1::{""cutoff_ts"":""2026-06-24 00:00:00+00"",""limit_k"":10000}",eu_us_gac,reference,15,event_raw_wide_sample,development,14,mitigate_remote_path_bundle,1.0207977713841678,-1.921897477171003,1.2697242396037836,-0.7292877213099936,0.09526326074429776,0.48312031666021205,-0.27302307316735136,0.0101926057030704,0.0219723083596032,1.0427700797437711
"reference::fuzzy-memory-topk-panel-v1::fuzzy_topk_memory_severe::raw-small-balanced-v1::{""cutoff_ts"":""2026-06-24 00:00:00+00"",""limit_k"":100}","fuzzy-memory-topk-panel-v1::fuzzy_topk_memory_severe::raw-small-balanced-v1::{""cutoff_ts"":""2026-06-24 00:00:00+00"",""limit_k"":100}",eu_us_gac,reference,16,event_raw_wide_sample,development,15,mitigate_remote_path_bundle,0.6292994548899467,-2.288290791129916,-0.977683102332084,-0.7518427816311967,1.0117118848517779,-0.06756625837576759,-0.034478542767730186,0.0086254015965442,0.3098490437160227,0.9391484986059694
"reference::fuzzy-memory-topk-panel-v1::fuzzy_topk_memory_severe::raw-small-balanced-v1::{""cutoff_ts"":""2026-06-29 00:00:00+00"",""limit_k"":10000}","fuzzy-memory-topk-panel-v1::fuzzy_topk_memory_severe::raw-small-balanced-v1::{""cutoff_ts"":""2026-06-29 00:00:00+00"",""limit_k"":10000}",eu_us_gac,reference,17,event_raw_wide_sample,development,16,mitigate_remote_path_bundle,0.9875076007407625,-2.6274978720569035,0.7003942001786824,-0.5638974655066943,-0.10556119301054247,0.08902501872392679,0.2983773448325545,-0.015044477780739,-0.0135301914052389,0.9739774093355236
"reference::fuzzy-memory-topk-panel-v1::fuzzy_topk_memory_severe::raw-small-balanced-v1::{""cutoff_ts"":""2026-06-29 00:00:00+00"",""limit_k"":100}","fuzzy-memory-topk-panel-v1::fuzzy_topk_memory_severe::raw-small-balanced-v1::{""cutoff_ts"":""2026-06-29 00:00:00+00"",""limit_k"":100}",eu_us_gac,reference,18,event_raw_wide_sample,development,17,mitigate_remote_path_bundle,0.4995703070600409,-2.73609595552226,-0.8914459391970824,-0.5247015071093339,0.15910787654838704,0.06624991901421504,0.41504920893621633,0.0698044793371713,0.0315669702360576,0.5693747863972122
"reference::fuzzy-memory-topk-panel-v1::fuzzy_topk_transport_severe::raw-large-balanced-v1::{""cutoff_ts"":""2026-06-24 00:00:00+00"",""limit_k"":10000}","fuzzy-memory-topk-panel-v1::fuzzy_topk_transport_severe::raw-large-balanced-v1::{""cutoff_ts"":""2026-06-24 00:00:00+00"",""limit_k"":10000}",eu_us_gac,reference,19,event_raw_wide_sample,development,18,mitigate_remote_path_bundle,0.12986453734418557,2.7592410570526793,0.9003225031820216,0.7221808146320755,0.10234832885169255,-0.2832491224525333,-0.10830017021702543,0.0084124371532831,4.247803521993864,4.37766805933805
"reference::fuzzy-memory-topk-panel-v1::fuzzy_topk_transport_severe::raw-large-balanced-v1::{""cutoff_ts"":""2026-06-24 00:00:00+00"",""limit_k"":100}","fuzzy-memory-topk-panel-v1::fuzzy_topk_transport_severe::raw-large-balanced-v1::{""cutoff_ts"":""2026-06-24 00:00:00+00"",""limit_k"":100}",eu_us_gac,reference,20,event_raw_wide_sample,development,19,regional_topk_candidates,1.094514686285759,2.4706790352459063,-1.2698066805841595,0.8936862513797921,0.11159555820138782,-0.14808219571314407,-0.08279942155143313,0.0051622454887038,5.689366145087311,4.594851458801552
"reference::fuzzy-memory-topk-panel-v1::fuzzy_topk_transport_severe::raw-large-balanced-v1::{""cutoff_ts"":""2026-06-29 00:00:00+00"",""limit_k"":10000}","fuzzy-memory-topk-panel-v1::fuzzy_topk_transport_severe::raw-large-balanced-v1::{""cutoff_ts"":""2026-06-29 00:00:00+00"",""limit_k"":10000}",eu_us_gac,reference,21,event_raw_wide_sample,development,20,mitigate_remote_path_bundle,0.9801139505903316,1.8895775163391983,0.9736325619057263,0.5465044798215174,-0.4882919978440955,-0.31550412636972236,-0.0004151865969646928,0.0063254578290735,3.2240845074472664,4.204198458037598
"reference::fuzzy-memory-topk-panel-v1::fuzzy_topk_transport_severe::raw-large-balanced-v1::{""cutoff_ts"":""2026-06-29 00:00:00+00"",""limit_k"":100}","fuzzy-memory-topk-panel-v1::fuzzy_topk_transport_severe::raw-large-balanced-v1::{""cutoff_ts"":""2026-06-29 00:00:00+00"",""limit_k"":100}",eu_us_gac,reference,22,event_raw_wide_sample,development,21,mitigate_remote_path_bundle,0.23286584486760642,1.5740081030867326,-1.2343898597275762,0.6622914245453235,-0.17257744839737227,-0.43733638808037234,0.08677628280997512,0.0081868930148983,4.127185858907333,4.360051703774939
"reference::fuzzy-memory-topk-panel-v1::fuzzy_topk_transport_severe::raw-small-balanced-v1::{""cutoff_ts"":""2026-06-24 00:00:00+00"",""limit_k"":10000}","fuzzy-memory-topk-panel-v1::fuzzy_topk_transport_severe::raw-small-balanced-v1::{""cutoff_ts"":""2026-06-24 00:00:00+00"",""limit_k"":10000}",eu_us_gac,reference,23,event_raw_wide_sample,development,22,mitigate_remote_path_bundle,3.0647368890989126,-1.7040968720099858,1.2851667538336078,0.5774750618127602,0.10105150914766627,0.010714729742899564,-0.45219479355999737,-0.0118498816152615,-0.0192520534769867,3.052887007483651
"reference::fuzzy-memory-topk-panel-v1::fuzzy_topk_transport_severe::raw-small-balanced-v1::{""cutoff_ts"":""2026-06-24 00:00:00+00"",""limit_k"":100}","fuzzy-memory-topk-panel-v1::fuzzy_topk_transport_severe::raw-small-balanced-v1::{""cutoff_ts"":""2026-06-24 00:00:00+00"",""limit_k"":100}",eu_us_gac,reference,24,event_raw_wide_sample,development,23,mitigate_remote_path_bundle,2.439970423548709,-2.0063022923196256,-0.8710769288915101,0.7305535531162466,0.45616204555876433,-0.1616320537445933,-0.4207949154650238,-0.0190705540866633,0.7633310432797628,3.203301466828472
"reference::fuzzy-memory-topk-panel-v1::fuzzy_topk_transport_severe::raw-small-balanced-v1::{""cutoff_ts"":""2026-06-29 00:00:00+00"",""limit_k"":10000}","fuzzy-memory-topk-panel-v1::fuzzy_topk_transport_severe::raw-small-balanced-v1::{""cutoff_ts"":""2026-06-29 00:00:00+00"",""limit_k"":10000}",eu_us_gac,reference,25,event_raw_wide_sample,development,24,mitigate_remote_path_bundle,2.6859585947327833,-2.3367957873453546,0.644119545577028,0.6147416523914454,0.525305307959613,-0.89908106057831,0.34974154832633386,0.0324494079589184,0.0163455941021423,2.7184080026917017
"reference::fuzzy-memory-topk-panel-v1::fuzzy_topk_transport_severe::raw-small-balanced-v1::{""cutoff_ts"":""2026-06-29 00:00:00+00"",""limit_k"":100}","fuzzy-memory-topk-panel-v1::fuzzy_topk_transport_severe::raw-small-balanced-v1::{""cutoff_ts"":""2026-06-29 00:00:00+00"",""limit_k"":100}",eu_us_gac,reference,26,event_raw_wide_sample,development,25,mitigate_remote_path_bundle,2.4425451407752328,-2.4885824855585943,-0.7919746657035543,0.7165797481309095,-0.3172216703729577,-0.01819165748891482,0.08756878765771664,0.0044125939297464,0.2612314581242365,2.703776598899469
q01_event_value_desc::run-1,q01_event_value_desc,eu_us_gac,final_dba,1,q01_event_value_desc,temporal_panel,26,mitigate_remote_path_bundle,2.2905212359526383,-3.1668211788790996,-1.339036823426153,0.7202007049225899,0.555062371080383,-0.4497369288374886,0.11787122232136245,0.0389910134517095,0.148442525949881,2.4389637619025195
q02_event_value_asc::run-1,q02_event_value_asc,eu_us_gac,final_dba,2,q02_event_value_asc,temporal_panel,27,mitigate_remote_path_bundle,0.798411063468615,-2.691653487706045,-0.8347187792610432,-0.5743217532333369,0.5891870091979112,-0.2819459657662366,0.38986622057036213,0.1150579244177509,0.1636418321928228,0.9620528956614378
q02_event_value_asc::run-2,q02_event_value_asc,eu_us_gac,final_dba,3,q02_event_value_asc,temporal_panel,28,mitigate_remote_path_bundle,0.8068188376975833,-2.6381095118658333,-0.1393277187379552,-0.6334408025498678,0.41895184745147757,-0.15607163120051762,0.3637303098436896,-0.0663499323728781,0.0124944675739018,0.8193133052714852
q03_event_recent::run-1,q03_event_recent,eu_us_gac,final_dba,4,q03_event_recent,temporal_panel,29,mitigate_remote_path_bundle,2.025559488907294,-1.872474740217706,-0.2488382757058235,0.012079524032982663,-0.1314637271035685,0.6359494951797537,-0.43825980531943176,0.0074479246782218,0.0486212889871827,2.074180777894477
q03_event_recent::run-2,q03_event_recent,eu_us_gac,final_dba,5,q03_event_recent,temporal_panel,30,mitigate_remote_path_bundle,1.925913206350529,-1.8932125836435718,0.1316372402560258,-0.1364539997291363,0.32570623976060875,0.18352407162988926,-0.32285121025109703,-0.1048447833628063,-0.0141682721267147,1.9117449342238144
q03_event_recent::run-3,q03_event_recent,eu_us_gac,final_dba,6,q03_event_recent,temporal_panel,31,mitigate_remote_path_bundle,1.9703430505849577,-1.9792063846532741,0.1838120455030139,-0.03566740850082985,0.15511559042726733,0.37098045586128164,-0.4484037180492668,-0.0002791294905142,-0.0585418455250905,1.9700639210944435
q04_event_oldest::run-1,q04_event_oldest,eu_us_gac,final_dba,7,q04_event_oldest,temporal_panel,32,mitigate_remote_path_bundle,3.2985512896142755,-1.0739525334658435,-0.05360658072694389,0.5017532534619954,-0.01654332151614548,-0.09961078786061528,-0.1986034997550825,0.0094718463899962,-0.0141705521924664,3.308023136004272
q04_event_oldest::run-2,q04_event_oldest,eu_us_gac,final_dba,8,q04_event_oldest,temporal_panel,33,mitigate_remote_path_bundle,3.2692828335307507,-1.0321147385615759,0.3027187304417456,0.5414612010714728,-0.4243902090054868,0.21738697301898874,-0.30021407810922257,0.0105978840767133,0.0442818066513621,3.3135646401821126
q04_event_oldest::run-3,q04_event_oldest,eu_us_gac,final_dba,9,q04_event_oldest,temporal_panel,34,mitigate_remote_path_bundle,3.3719089972427114,-1.0042275765839095,0.2988220604670398,0.5530192997303237,-0.4400246960323719,0.2256837398065086,-0.28765443070022195,0.009230508233768,0.0366362612175297,3.408545258460241
q04_event_oldest::run-4,q04_event_oldest,eu_us_gac,final_dba,10,q04_event_oldest,temporal_panel,35,mitigate_remote_path_bundle,3.2365877313470346,-1.0169250096612468,0.27516682741192583,0.5517593463101677,-0.2900862431322379,0.08394377210806042,-0.2611524550693425,0.0137676500397462,0.0523781778984862,3.288965909245521
q05_event_deviation::run-1,q05_event_deviation,eu_us_gac,final_dba,11,q05_event_deviation,temporal_panel,36,regional_topk_candidates,0.3901337521220183,0.6917618048713566,-1.4952193248145442,-1.2097392769009148,0.10109238823769881,-0.34895954935511975,0.24195376140200386,-0.2189988838292833,1.6155677957074597,1.2254340435854414
q05_event_deviation::run-2,q05_event_deviation,eu_us_gac,final_dba,12,q05_event_deviation,temporal_panel,37,regional_topk_candidates,0.33902071212695417,0.8535697655288234,-0.6132798113318023,-1.192021038935021,-0.4938012334096099,0.07960173464380524,0.15104717081442726,0.0183683695362655,1.5287577109536976,1.1897369988267434
q05_event_deviation::run-3,q05_event_deviation,eu_us_gac,final_dba,13,q05_event_deviation,temporal_panel,38,regional_topk_candidates,0.47532748313218987,0.8361285139928392,-0.6349918268072183,-1.1736253769398615,-0.33494457580344533,-0.054067137397527734,0.16498133404563436,-0.0316462744395453,1.5227227683950888,1.047395285262899
q05_event_deviation::run-4,q05_event_deviation,eu_us_gac,final_dba,14,q05_event_deviation,temporal_panel,39,regional_topk_candidates,0.45435941954846304,0.8714321096621241,-0.608666100362837,-1.1767963482509678,-0.5705649273670295,0.16984659476847333,0.15923822204915397,0.0486061304280509,1.6292173868977764,1.1748579673493134
q05_event_deviation::run-5,q05_event_deviation,eu_us_gac,final_dba,15,q05_event_deviation,temporal_panel,40,regional_topk_candidates,0.5116023910096268,0.840273628522272,-0.655430279117359,-1.2654675776333681,-0.2266609666808197,-0.1134124593104444,0.25407481172129653,0.1061461385855623,1.7019159811692757,1.1903135901596489
q06_tenant_sum::run-1,q06_tenant_sum,eu_us_gac,final_dba,16,q06_tenant_sum,temporal_panel,41,regional_topk_candidates,0.2919563116630042,1.4549219362607941,-1.1765371110036398,-0.06446240647972777,-0.23830356022746685,-0.21138491910065577,0.06511851413867896,-0.0113274524048228,3.047649640005925,2.755693328342921
q07_tenant_count::run-1,q07_tenant_count,eu_us_gac,final_dba,17,q07_tenant_count,temporal_panel,42,regional_topk_candidates,1.4292628893726516,2.5875301710955068,-0.7661853612833872,0.9072234239894752,-0.08347991554119226,0.4565775638870243,0.08117935177904241,0.0095142040035063,5.78740087138428,4.358137982011629
q07_tenant_count::run-2,q07_tenant_count,eu_us_gac,final_dba,18,q07_tenant_count,temporal_panel,43,regional_topk_candidates,1.6219710125927689,2.6111954946967346,-0.21584600262133732,0.7711725353965831,-0.2622639200541393,0.13414818782934257,-0.19224028657960665,0.0058933650242485,5.944838229402522,4.322867216809753
q08_tenant_avg::run-1,q08_tenant_avg,eu_us_gac,final_dba,19,q08_tenant_avg,temporal_panel,44,regional_topk_candidates,3.098847768387162,2.5737102118614064,-0.5519471416086534,-0.892952402949994,0.8058720863819381,0.1502125508210595,0.00043040070817389897,0.0206639435078385,4.495349709290721,1.3965019409035595
q08_tenant_avg::run-2,q08_tenant_avg,eu_us_gac,final_dba,20,q08_tenant_avg,temporal_panel,45,regional_topk_candidates,3.4147186210029346,2.701677200996825,-0.17502794881068967,-0.7476505468967415,1.1923384145880969,0.20137310427593602,0.44719062895789724,0.0735851486077056,4.607859831466466,1.1931412104635313
q08_tenant_avg::run-3,q08_tenant_avg,eu_us_gac,final_dba,21,q08_tenant_avg,temporal_panel,46,regional_topk_candidates,2.8221938369754507,2.7135566564830773,-0.11290910394648053,-0.749240106454408,0.5569303806401944,0.4179505311200554,0.07666196518841514,0.0268770971362172,4.231723759789755,1.4095299228143046
q09_tenant_max::run-1,q09_tenant_max,eu_us_apac_gac,final_dba,22,q09_tenant_max,temporal_panel,47,mitigate_remote_path_bundle,1.3756076286393708,2.84323861100295,-1.7733891058505935,-0.7134877523372528,-5.893667601545173,-2.6990658018184055,5.548632940312115,-0.0098099219860758,0.6178171990686502,1.993424827708021
q09_tenant_max::run-2,q09_tenant_max,eu_us_apac_gac,final_dba,23,q09_tenant_max,temporal_panel,48,mitigate_remote_path_bundle,1.3241434731600286,2.924074075686235,-0.9150159008165999,-0.7977808236290085,-5.362341453079656,-2.9064250113541203,5.9424290447521395,0.0118212301274772,0.711494806856934,2.0356382800169626
q09_tenant_max::run-3,q09_tenant_max,eu_us_apac_gac,final_dba,24,q09_tenant_max,temporal_panel,49,mitigate_remote_path_bundle,1.0789795139529628,2.9037611343906877,-0.9199530278939464,-0.8363730373495889,-5.569071343971882,-3.1064209524761597,5.6683442563947946,0.0235774955198211,0.741129797923938,1.8201093118769007
q09_tenant_max::run-4,q09_tenant_max,eu_us_apac_gac,final_dba,25,q09_tenant_max,temporal_panel,50,mitigate_remote_path_bundle,1.3135790020504303,2.899769055230531,-0.885987621584481,-0.7672391906300203,-5.718665168907561,-2.9632199846667064,5.596000910314709,0.001257989186062,0.6273560086690125,1.940935010719443
q10_tenant_min::run-1,q10_tenant_min,eu_us_apac_gac,final_dba,26,q10_tenant_min,temporal_panel,51,mitigate_remote_path_bundle,1.7367465060806084,3.608608508703995,-1.49579668267305,-0.20216260269633438,-5.988926728659427,-2.9319430016133756,5.426643833822924,-0.0152279019519483,1.5949990223674917,3.3317455284481
q10_tenant_min::run-2,q10_tenant_min,eu_us_apac_gac,final_dba,27,q10_tenant_min,temporal_panel,52,mitigate_remote_path_bundle,1.7982389754682935,3.6765705356199296,-0.7747393396403948,-0.262574057546544,-5.697132578898686,-3.293386818295148,5.519647064992588,-0.0055403245600634,1.6670659134424273,3.4653048889107207
q10_tenant_min::run-3,q10_tenant_min,eu_us_apac_gac,final_dba,28,q10_tenant_min,temporal_panel,53,mitigate_remote_path_bundle,1.828584532811226,3.694338222531114,-0.7757728341282825,-0.32170319864145475,-5.705231662456668,-3.233741210770367,5.566807076758055,0.0360130863917107,1.6725292573066506,3.5011137901178766
q10_tenant_min::run-4,q10_tenant_min,eu_us_apac_gac,final_dba,29,q10_tenant_min,temporal_panel,54,mitigate_remote_path_bundle,1.8322404418006728,3.654707100404908,-0.7825727734945963,-0.3036166472075355,-5.6200676570364125,-3.32245537349937,5.547479898084264,-0.0081606287519814,1.62577245151283,3.458012893313503
q10_tenant_min::run-5,q10_tenant_min,eu_us_apac_gac,final_dba,30,q10_tenant_min,temporal_panel,55,mitigate_remote_path_bundle,1.7765094041863732,3.642480731216304,-0.9102310714907501,-0.4302950805850676,-4.463328524049603,-4.1836997297965555,5.9937468095442705,0.0597814596106214,1.7150745043587334,3.4915839085451066
q11_tenant_high_count::run-1,q11_tenant_high_count,eu_us_apac_gac,final_dba,31,q11_tenant_high_count,temporal_panel,56,regional_topk_candidates,0.5009034563312984,4.101739795341765,-1.2344150868768702,-1.522392962888301,-4.866001754887469,-2.6251621465694845,5.942026396775067,0.0937873302573581,1.689951973975143,1.1890485176438446
q12_tenant_user_sum::run-1,q12_tenant_user_sum,eu_us_apac_gac,final_dba,32,q12_tenant_user_sum,temporal_panel,57,regional_topk_candidates,0.11867755245443856,5.0937964527242015,-0.8871267345453235,-0.8223548090685943,-5.0977769385689,-2.936005131830118,5.51768065352516,0.0620501007483585,2.722186807479819,2.60350925502538
q12_tenant_user_sum::run-2,q12_tenant_user_sum,eu_us_apac_gac,final_dba,33,q12_tenant_user_sum,temporal_panel,58,regional_topk_candidates,0.2576277758551133,5.095674891215522,-0.46384687729938556,-0.9621257628892632,-5.308895384967545,-2.7284768020740255,5.455980174400718,0.0468398291295993,2.642596705948222,2.3849689300931085
q13_tenant_user_count::run-1,q13_tenant_user_count,eu_us_apac_gac,final_dba,34,q13_tenant_user_count,temporal_panel,59,mitigate_remote_path_bundle,1.049339771001879,4.302835293214511,-1.8484527165475457,-0.07057543383260392,-5.062861778749774,-2.570420821943603,5.607756992793265,-0.0169087536433568,2.533280904815219,3.582620675817098
q13_tenant_user_count::run-2,q13_tenant_user_count,eu_us_apac_gac,final_dba,35,q13_tenant_user_count,temporal_panel,60,mitigate_remote_path_bundle,0.938199250813168,4.352903164737869,-0.9319996215731213,-0.19632248876070535,-5.437441312425386,-2.971492046271527,5.160651413604104,0.000215558798449,2.489066964314711,3.427266215127879
q13_tenant_user_count::run-3,q13_tenant_user_count,eu_us_apac_gac,final_dba,36,q13_tenant_user_count,temporal_panel,61,mitigate_remote_path_bundle,0.9331935786367525,4.364364125566208,-0.9030433131044595,-0.18020638217870213,-5.621529956812698,-2.7906835267426646,5.123050784333606,0.0022388104984377,2.4918301675269805,3.425023746163733
q14_tenant_day_sum::run-1,q14_tenant_day_sum,eu_us_apac_gac,final_dba,37,q14_tenant_day_sum,temporal_panel,62,mitigate_remote_path_bundle,0.9477271125121352,5.072305400863397,-1.5161603239286998,-1.5366877560441938,-4.34624508932131,-2.427787252293401,5.194739925901992,0.0635345663129016,0.2853191710203477,1.233046283532483
q14_tenant_day_sum::run-2,q14_tenant_day_sum,eu_us_apac_gac,final_dba,38,q14_tenant_day_sum,temporal_panel,63,mitigate_remote_path_bundle,0.97116891238259,5.17587600105896,-0.8102605889309659,-1.675436127543818,-4.727121426406529,-2.269762880385746,5.049312890012631,0.1056924575119,0.3492104306271075,1.3203793430096975
q14_tenant_day_sum::run-3,q14_tenant_day_sum,eu_us_apac_gac,final_dba,39,q14_tenant_day_sum,temporal_panel,64,mitigate_remote_path_bundle,0.9298375423042682,5.126898658730644,-0.8806547252660634,-1.659112030179631,-4.343134322951095,-2.661403793550529,5.1251216963314645,0.0468458501152429,0.2983051381180681,1.2281426804223363
q14_tenant_day_sum::run-4,q14_tenant_day_sum,eu_us_apac_gac,final_dba,40,q14_tenant_day_sum,temporal_panel,65,mitigate_remote_path_bundle,1.0620701052466557,5.176541071857379,-0.7982012948514553,-1.4999038389220976,-4.53964908935981,-2.420983394160945,5.156162476075417,0.0572275554466537,0.1205952939116147,1.1826653991582703
q15_tenant_day_count::run-1,q15_tenant_day_count,eu_us_apac_gac,final_dba,41,q15_tenant_day_count,temporal_panel,66,mitigate_remote_path_bundle,2.324167293349686,5.97781638296768,-1.1402697960780526,-0.3953067972358256,-4.62420578060829,-2.394652205827852,5.21554253938357,-0.0003058943797565,0.3143085514529989,2.638475844802685
q15_tenant_day_count::run-2,q15_tenant_day_count,eu_us_apac_gac,final_dba,42,q15_tenant_day_count,temporal_panel,67,mitigate_remote_path_bundle,2.370011686112306,6.015272194620204,-0.7058817156598656,-0.46110816064276927,-4.30375960311771,-2.714737437674048,5.335152644896942,0.0402636837051016,0.3184915280019471,2.688503214114253
q15_tenant_day_count::run-3,q15_tenant_day_count,eu_us_apac_gac,final_dba,43,q15_tenant_day_count,temporal_panel,68,mitigate_remote_path_bundle,2.3066214406166,6.043655842885149,-0.6570806854890318,-0.40752620505533366,-4.595975654072312,-2.4434164671991936,5.267584724367666,0.0263610512328854,0.3243367692029089,2.630958209819509
q15_tenant_day_count::run-4,q15_tenant_day_count,eu_us_apac_gac,final_dba,44,q15_tenant_day_count,temporal_panel,69,mitigate_remote_path_bundle,2.350102025368296,6.029266043735773,-0.6516417944834448,-0.4017325169433283,-4.6324340023160895,-2.432233787018086,5.237620086656292,-0.005900164795244,0.2887640632749367,2.638866088643233
q15_tenant_day_count::run-5,q15_tenant_day_count,eu_us_apac_gac,final_dba,45,q15_tenant_day_count,temporal_panel,70,mitigate_remote_path_bundle,2.0704200482816346,6.041622631216498,-0.6210679428128429,-0.4160366602906111,-4.78044920455496,-2.2608799213375854,5.2242762310636515,0.0388865100561299,0.3289301569498578,2.3993502052314923
n2_control::q01_event_value_desc,q01_event_value_desc,eu_us_gac,topology,1,q01_event_value_desc,n2_control,71,mitigate_remote_path_bundle,2.6495464869904746,-3.212138255613137,-1.3555544424606154,0.6997608158607009,0.7732848758346622,-0.6631382224115036,0.13115814761875244,0.0138052552440932,0.2001787569333873,2.849725243923862
phase_a::q01_event_value_desc,q01_event_value_desc,eu_us_apac_gac,topology,1,q01_event_value_desc,phase_a,72,mitigate_remote_path_bundle,2.7096117639699355,-6.22724379348177,-0.5163135747258409,2.0868586298945417,2.657787274350779,3.1616319801131376,-3.96780283958021,0.0178449931667215,0.0369166612569191,2.7465284252268547
phase_b::q01_event_value_desc,q01_event_value_desc,eu_us_apac_gac,topology,1,q01_event_value_desc,phase_b,73,mitigate_remote_path_bundle,2.5693218173703487,-6.1544258188817045,-0.5571437994787375,2.1422588056125296,3.142613037021364,3.171455839966542,-3.521684210491412,0.0050871702547306,0.050263134279401,2.61958495164975
n2_control::q02_event_value_asc,q02_event_value_asc,eu_us_gac,topology,2,q02_event_value_asc,n2_control,74,mitigate_remote_path_bundle,0.9879086458712034,-2.6016767080872025,-0.7111718578376778,-0.6508211746074016,-0.11183021416897584,0.5416372646871908,0.3557652420432016,0.2932067433266397,0.4123905501013155,1.4002991959725188
phase_a::q02_event_value_asc,q02_event_value_asc,eu_us_apac_gac,topology,2,q02_event_value_asc,phase_a,75,mitigate_remote_path_bundle,1.0355728842102871,-5.734556790229091,-0.058035184075975056,0.7387389778162675,3.251193222824548,3.0097496997578936,-3.4168430915777006,-0.1591817404323117,0.105673104799813,1.1412459890101
phase_b::q02_event_value_asc,q02_event_value_asc,eu_us_apac_gac,topology,2,q02_event_value_asc,phase_b,76,mitigate_remote_path_bundle,0.9314711578260082,-5.62859637136803,0.04230267145652577,0.8143917337159081,2.946725793535131,3.6783692646230333,-3.160696204645557,0.2514080497517473,0.0971339516754162,1.1828792075777554
n2_control::q03_event_recent,q03_event_recent,eu_us_gac,topology,3,q03_event_recent,n2_control,77,mitigate_remote_path_bundle,1.7446218977043615,-1.9076155022437826,-0.364798986297391,0.08838026848960062,0.8416214403271581,-0.0968591062651051,-0.11713682459770539,-0.0353728974843627,0.0129416752281885,1.75756357293255
phase_a::q03_event_recent,q03_event_recent,eu_us_apac_gac,topology,3,q03_event_recent,phase_a,78,mitigate_remote_path_bundle,2.0458494914836822,-4.967064403024101,0.3487699536644456,1.1635469187162737,3.2524334748335044,3.062516102836168,-4.224651255281915,-0.0007214780467506,0.0386543596179359,2.0845038511016183
phase_b::q03_event_recent,q03_event_recent,eu_us_apac_gac,topology,3,q03_event_recent,phase_b,79,mitigate_remote_path_bundle,1.9927023036221778,-4.881964412376044,0.44013490381424936,1.2693775000621355,2.644469169999367,3.568210283235177,-4.382041475160317,-0.0255481676737388,0.0179933009740082,2.010695604596186
n2_control::q04_event_oldest,q04_event_oldest,eu_us_gac,topology,4,q04_event_oldest,n2_control,80,mitigate_remote_path_bundle,3.3611641912956105,-0.9868696653432766,0.03847457361805467,0.6604622940376799,-0.31339864786582183,0.20435679697870718,-0.21580729947289032,0.0225875983548446,0.0776214484152518,3.4387856397108623
phase_a::q04_event_oldest,q04_event_oldest,eu_us_apac_gac,topology,4,q04_event_oldest,phase_a,81,mitigate_remote_path_bundle,3.2579725037946554,-3.990646802102457,0.6711671018591957,1.804226929614117,3.0725482952436622,3.1668378856152364,-3.588396073346502,-0.0686312101713334,0.0263170522816108,3.284289556076266
phase_b::q04_event_oldest,q04_event_oldest,eu_us_apac_gac,topology,4,q04_event_oldest,phase_b,82,mitigate_remote_path_bundle,3.3132129023164594,-4.04464211249717,0.6627665451558523,1.6430803402601906,2.5087992964537738,3.0931096561123086,-4.137279007264601,0.0108804491713895,0.0658101607509763,3.379023063067436
n2_control::q05_event_deviation,q05_event_deviation,eu_us_gac,topology,5,q05_event_deviation,n2_control,83,regional_topk_candidates,0.5562989674707881,0.7476145968020265,-1.402582609400101,-1.2043441035995162,-0.45435594362910625,0.15656218154707868,0.136216307272684,-0.1198608416213953,1.770817217318297,1.214518249847509
phase_a::q05_event_deviation,q05_event_deviation,eu_us_apac_gac,topology,5,q05_event_deviation,phase_a,84,regional_topk_candidates,0.18691221324705554,-1.66006164116626,-0.9655467878157883,-0.1972556038146365,2.9408082701132976,2.043046005368707,-3.651012365226239,0.031623719943044,1.3545928545751755,1.16768064132812
phase_b::q05_event_deviation,q05_event_deviation,eu_us_apac_gac,topology,5,q05_event_deviation,phase_b,85,regional_topk_candidates,0.18828321194098718,-1.6760539602272067,-0.9371930447531321,-0.2840064903324253,2.533650058712145,2.372555498086827,-3.7931379177118734,-0.1106436675575602,1.3670348543295985,1.1787516423886113
n2_control::q06_tenant_sum,q06_tenant_sum,eu_us_gac,topology,6,q06_tenant_sum,n2_control,86,regional_topk_candidates,0.4293491263958087,1.4449569816882533,-1.1847401127410622,-0.09146922407241252,-0.19367923655058342,0.16526549179441358,0.26099016408948317,-0.0053888093478485,3.1048191969493586,2.67547007055355
phase_a::q06_tenant_sum,q06_tenant_sum,eu_us_apac_gac,topology,6,q06_tenant_sum,phase_a,87,regional_topk_candidates,0.16578542835272048,-1.0459842062450706,-0.6825230106374851,0.7392151872800775,2.6456619164484327,2.2425060071842053,-4.014068357477727,-0.0238620420495818,2.821164486706143,2.6553790583534225
phase_b::q06_tenant_sum,q06_tenant_sum,eu_us_apac_gac,topology,6,q06_tenant_sum,phase_b,88,regional_topk_candidates,0.24795885515186233,-1.0726179328503214,-0.7349592724128253,0.6935919731056182,3.038154721418824,1.9134847337346899,-3.8979036154068534,-0.0218800258090104,2.757612090339984,2.5096532351881216
n2_control::q07_tenant_count,q07_tenant_count,eu_us_gac,topology,7,q07_tenant_count,n2_control,89,regional_topk_candidates,1.6802503138998919,2.527237211674214,-0.8779240779358614,0.799663234779761,0.56097082913804,-0.15733675065586897,0.20930730183588908,0.0010126978663761,5.9694784130593455,4.289228099159454
phase_a::q07_tenant_count,q07_tenant_count,eu_us_apac_gac,topology,7,q07_tenant_count,phase_a,90,regional_topk_candidates,1.1293742581824153,-0.09297351785842287,-0.43179569876609586,1.539250118937844,3.977172236285292,2.159983306201617,-3.593169872380545,0.0049862844799271,5.436925828120192,4.307551569937777
phase_b::q07_tenant_count,q07_tenant_count,eu_us_apac_gac,topology,7,q07_tenant_count,phase_b,91,regional_topk_candidates,1.6197334545364965,-0.04639045785549906,-0.3430350565213197,1.6082880785189146,3.4069932056233245,2.6806490587177376,-3.7248359115835004,-0.0012585403597322,5.494439567140436,3.8747061126039393
n2_control::q08_tenant_avg,q08_tenant_avg,eu_us_gac,topology,8,q08_tenant_avg,n2_control,92,regional_topk_candidates,3.1677781119772312,2.660478398839217,-0.4928912362655981,-0.7304846799439775,0.7062246413374244,0.6852007523472636,0.2645223457959066,0.0431968887199746,4.554335307851141,1.38655719587391
phase_a::q08_tenant_avg,q08_tenant_avg,eu_us_apac_gac,topology,8,q08_tenant_avg,phase_a,93,regional_topk_candidates,2.755685054492666,0.15628712984585838,-0.04365671842288957,0.1459193781256843,4.435460402954899,2.5531177740493534,-3.4167344377389206,0.0164352607878019,4.238999815175139,1.4833147606824726
phase_b::q08_tenant_avg,q08_tenant_avg,eu_us_apac_gac,topology,8,q08_tenant_avg,phase_b,94,regional_topk_candidates,2.720945230477005,0.15886374343981596,-0.038573945082457706,0.16350408087452956,4.410129475870879,2.6071199915113845,-3.407620652637931,0.0668586063619087,4.170116424697052,1.4491711942200467
n2_control::q09_tenant_max,q09_tenant_max,eu_us_gac,topology,9,q09_tenant_max,n2_control,95,mitigate_remote_path_bundle,1.1495775556045447,-6.220150161419097,-0.3722876039849952,1.1637537834501122,6.209471461983598,5.453806877492799,-9.192554916454768,0.060851219407833,0.8784756017956641,2.0280531574002088
phase_a::q09_tenant_max,q09_tenant_max,eu_us_apac_gac,topology,9,q09_tenant_max,phase_a,96,mitigate_remote_path_bundle,1.3236769491693587,2.8637285677006146,-1.7918367427932853,-0.7324713354383978,-5.826890002197344,-2.7567271858045017,5.555879239300861,-0.0524153771348137,0.6400798650273416,1.9637568141967003
phase_b::q09_tenant_max,q09_tenant_max,eu_us_apac_gac,topology,9,q09_tenant_max,phase_b,97,mitigate_remote_path_bundle,1.3785364406898466,2.8393893187280357,-1.8127206426651794,-0.7631618109332823,-5.669315573566229,-2.8764632959405803,5.589988888669603,0.0236240074962033,0.6880457146166628,2.0665821553065093
n2_control::q10_tenant_min,q10_tenant_min,eu_us_gac,topology,10,q10_tenant_min,n2_control,98,mitigate_remote_path_bundle,1.4126174267409537,-5.382772585071813,-0.11996184253730488,1.7822590277283061,6.522032884429693,5.211662981563954,-8.88994999210354,-0.0034270316668888,2.035452832723705,3.4480702594646586
phase_a::q10_tenant_min,q10_tenant_min,eu_us_apac_gac,topology,10,q10_tenant_min,phase_a,99,mitigate_remote_path_bundle,1.7448858078447032,3.6950233933433707,-1.512772949766896,-0.11291974625104789,-5.494181172828874,-2.725242178733956,5.9644602658309,-0.0084409248119222,1.6779572866487773,3.4228430944934805
phase_b::q10_tenant_min,q10_tenant_min,eu_us_apac_gac,topology,10,q10_tenant_min,phase_b,100,mitigate_remote_path_bundle,1.7110133727343364,3.6272028693195604,-1.5508877087621251,-0.22278298470062927,-5.443219180182137,-3.094181909433443,5.745908488407649,0.0386532265912167,1.684271956992535,3.3952853297268715
n2_control::q11_tenant_high_count,q11_tenant_high_count,eu_us_gac,topology,11,q11_tenant_high_count,n2_control,101,regional_topk_candidates,0.5465186097096246,-5.05140858195266,0.15473230429257984,0.35855354684604684,7.316296781014259,5.468739334109463,-9.047748485966968,0.0818909346506565,2.009997329590151,1.4634787198805264
phase_a::q11_tenant_high_count,q11_tenant_high_count,eu_us_apac_gac,topology,11,q11_tenant_high_count,phase_a,102,regional_topk_candidates,0.285579914547786,4.171851850106873,-1.1635730462499216,-1.421380173852487,-5.3646856429785705,-2.1709913486530565,5.8152676551095555,0.0546963761698885,1.690751505551262,1.405171591003476
phase_b::q11_tenant_high_count,q11_tenant_high_count,eu_us_apac_gac,topology,11,q11_tenant_high_count,phase_b,103,regional_topk_candidates,0.6691874676417748,4.088373241587515,-1.1808913643877217,-1.5346648595339083,-5.179441198803256,-2.361820453687975,5.78607068004283,-0.1511602460251853,1.864686652991005,1.19549918534923
n2_control::q12_tenant_user_sum,q12_tenant_user_sum,eu_us_gac,topology,12,q12_tenant_user_sum,n2_control,104,regional_topk_candidates,0.4090830596579056,-4.115095434307127,0.5686596474426008,1.3110814897262546,7.971016427861137,5.434999868283139,-8.96851030535375,0.0117403376900481,3.084182525198386,2.6750994655404803
phase_a::q12_tenant_user_sum,q12_tenant_user_sum,eu_us_apac_gac,topology,12,q12_tenant_user_sum,phase_a,105,regional_topk_candidates,0.21402583530033992,5.108619390711829,-0.8480251695028482,-0.8174447966647842,-5.3453233932216895,-2.7130973175230433,5.4363681490726945,0.0082318791669775,2.727611389541516,2.513585554241176
phase_b::q12_tenant_user_sum,q12_tenant_user_sum,eu_us_apac_gac,topology,12,q12_tenant_user_sum,phase_b,106,regional_topk_candidates,0.07024374675903067,5.072575479303295,-0.914428700551081,-0.9381430509949867,-4.716461911891749,-3.0508280942268717,5.723067612075945,0.0277535524994843,2.728095303497208,2.6578515567381773
n2_control::q13_tenant_user_count,q13_tenant_user_count,eu_us_gac,topology,13,q13_tenant_user_count,n2_control,107,mitigate_remote_path_bundle,0.6973537892808475,-4.4696491317435,-0.5122922994196789,1.897703036755418,7.1465502006623405,5.14644031255428,-8.949230103280867,0.0057396572446639,2.9374803391305995,3.634834128411447
phase_a::q13_tenant_user_count,q13_tenant_user_count,eu_us_apac_gac,topology,13,q13_tenant_user_count,phase_a,108,mitigate_remote_path_bundle,1.0685830263884082,4.336260740955453,-1.8323199946092246,-0.011800604658645296,-5.199362950596319,-2.4699873725204755,5.546997707281462,0.0199335867051989,2.5395235778545056,3.6081066042429137
phase_b::q13_tenant_user_count,q13_tenant_user_count,eu_us_apac_gac,topology,13,q13_tenant_user_count,phase_b,109,mitigate_remote_path_bundle,0.949936221324426,4.327223614146026,-1.805208935606587,0.04598031223733295,-5.155760867552041,-2.61599723280015,5.511394323228865,-0.0053372207908901,2.471278606573842,3.421214827898268
n2_control::q14_tenant_day_sum,q14_tenant_day_sum,eu_us_gac,topology,14,q14_tenant_day_sum,n2_control,110,mitigate_remote_path_bundle,1.0753278573987421,-3.691971705327889,-0.2373275575488739,0.3282715547551098,8.070459654726685,5.112545609539461,-9.486445119545657,0.0492421506464797,0.3445300010482409,1.419857858446983
phase_a::q14_tenant_day_sum,q14_tenant_day_sum,eu_us_apac_gac,topology,14,q14_tenant_day_sum,phase_a,111,mitigate_remote_path_bundle,1.1277960572226673,5.221057579723486,-1.4216887635376019,-1.451187815299017,-4.173596870144552,-1.9875950271039793,5.622038360051979,0.0747784364829226,0.282522007671407,1.4103180648940743
phase_b::q14_tenant_day_sum,q14_tenant_day_sum,eu_us_apac_gac,topology,14,q14_tenant_day_sum,phase_b,112,mitigate_remote_path_bundle,0.9447962089497541,5.159376446273344,-1.4843661134629478,-1.3932749460590332,-4.374317280215273,-2.4883180879215656,5.169585240751026,0.0861444071250895,0.3329501427780967,1.277746351727851
n2_control::q15_tenant_day_count,q15_tenant_day_count,eu_us_gac,topology,15,q15_tenant_day_count,n2_control,113,mitigate_remote_path_bundle,2.345141545691419,-3.0818838355834925,0.11915382420747785,1.4309718607901802,8.363761978994587,5.087734508524628,-9.51807910308969,-0.0047615547683535,0.3319249590865699,2.677066504777989
phase_a::q15_tenant_day_count,q15_tenant_day_count,eu_us_apac_gac,topology,15,q15_tenant_day_count,phase_a,114,mitigate_remote_path_bundle,2.3105892295704824,5.978474272741273,-1.1797170201938563,-0.444448934923006,-4.279099365475667,-2.655522558435234,5.325186159427604,0.0331347688191045,0.3224494839006142,2.6330387134710964
phase_b::q15_tenant_day_count,q15_tenant_day_count,eu_us_apac_gac,topology,15,q15_tenant_day_count,phase_b,115,mitigate_remote_path_bundle,2.413704114740592,5.988019688976152,-1.144231686152372,-0.382548690136206,-4.627374795613213,-2.397504752821958,5.195345971876241,-0.0196191755087186,0.3434513077062288,2.757155422446821
confirmatory::q16_event_value_squared,q16_event_value_squared,eu_us_apac_gac,confirmatory,1,q16_event_value_squared,confirmatory,116,mitigate_remote_path_bundle,0.3691039114335328,-1.558046127135768,-1.1958398628923441,0.4506304761194178,2.407141192600643,2.263907124211141,-3.9439173590559773,0.0060824447796626,1.8955946596505744,2.264698571084107
confirmatory::q17_event_log_value,q17_event_log_value,eu_us_apac_gac,confirmatory,2,q17_event_log_value,confirmatory,117,regional_topk_candidates,0.1422002404011935,-1.0680670479443988,-0.9853930198895346,0.5091705130473737,2.9273836105990543,2.0264609229591164,-4.055834625613205,0.0040598466561886,2.6240748728034045,2.481874632402211
confirmatory::q18_event_recent_high_value,q18_event_recent_high_value,eu_us_apac_gac,confirmatory,3,q18_event_recent_high_value,confirmatory,118,mitigate_remote_path_bundle,0.9468339373530061,-0.60389684885196,-0.7199175759803029,0.7508490145528263,3.4794475226052137,1.7812093070603148,-3.9707017980016475,0.0004003444414566,1.773856703706942,2.720690641059948
confirmatory::q19_event_old_low_value,q19_event_old_low_value,eu_us_apac_gac,confirmatory,4,q19_event_old_low_value,confirmatory,119,mitigate_remote_path_bundle,0.8226861320956289,-0.23588837228547213,-0.34588034811171137,0.8026731623804081,3.8514668355850157,1.6884996316205283,-4.014601589379198,-0.0156549920901257,1.9103453877299696,2.7330315198255986
confirmatory::q20_event_tenant_weighted,q20_event_tenant_weighted,eu_us_apac_gac,confirmatory,5,q20_event_tenant_weighted,confirmatory,120,mitigate_remote_path_bundle,0.526439574410855,-1.462735058601609,0.11380680031948302,0.3133254677179146,2.730664220176315,1.8235517018059846,-3.81907647541813,-0.0010806297758102,1.6587190886894552,2.18515866310031
confirmatory::q21_tenant_value_range,q21_tenant_value_range,eu_us_apac_gac,confirmatory,6,q21_tenant_value_range,confirmatory,121,regional_topk_candidates,0.2033955682968993,-1.1944959720415764,-1.4193330956330352,0.7022788677172686,3.1487673353044867,1.8538005064999716,-3.9276102451801567,-0.0200725264802014,2.7714495122330693,2.56805394393617
confirmatory::q22_tenant_distinct_users,q22_tenant_distinct_users,eu_us_apac_gac,confirmatory,7,q22_tenant_distinct_users,confirmatory,122,regional_topk_candidates,1.0697012905075165,-0.5456461254586515,-1.1616437270273832,0.540431606213908,3.660405850315348,1.778552149081033,-4.0514687846622435,-0.0086776967871074,3.555959268613438,2.4862579781059213
confirmatory::q23_tenant_even_user_count,q23_tenant_even_user_count,eu_us_apac_gac,confirmatory,8,q23_tenant_even_user_count,confirmatory,123,regional_topk_candidates,1.635146184186874,-0.22848183851542164,-0.889509157174143,0.7604720635708099,3.8327951380222434,1.8247110853001876,-4.094214114218042,0.0150589628942513,4.31052875663304,2.6753825724461664
confirmatory::q24_tenant_midband_sum,q24_tenant_midband_sum,eu_us_apac_gac,confirmatory,9,q24_tenant_midband_sum,confirmatory,124,mitigate_remote_path_bundle,0.33066585315578223,-1.4537262566172247,-0.25430508360578696,0.5138990208704088,2.3301879261049305,2.218940639028198,-3.9594862436550295,0.0005768633135637,2.0149384597613245,2.3456043129171067
confirmatory::q25_tenant_day_avg,q25_tenant_day_avg,eu_us_apac_gac,confirmatory,10,q25_tenant_day_avg,confirmatory,125,mitigate_remote_path_bundle,2.2932381357936693,-1.0099211369358083,0.07811396247170448,0.4805886284439638,2.8114433143535416,1.9896778389879937,-4.053527519596592,0.0149057204669042,0.211107543764759,2.5043456795584285
confirmatory::q26_tenant_hour_count,q26_tenant_hour_count,eu_us_apac_gac,confirmatory,11,q26_tenant_hour_count,confirmatory,126,mitigate_remote_path_bundle,2.008836672773642,-1.5535591036274632,-1.265286681525822,0.4934495131766321,2.618846001810458,2.0763897867296097,-3.9768521970357806,0.0149195572239245,0.2529047239556116,2.2617413967292537
confirmatory::q27_user_sum,q27_user_sum,eu_us_apac_gac,confirmatory,12,q27_user_sum,confirmatory,127,regional_topk_candidates,0.29184825922003155,-1.206076893650801,-1.0913554070237157,0.6339376043705027,2.8061345707396574,2.052262720304922,-4.048803824618177,-0.0071486595171479,2.7658944387714453,2.4740461795514137
confirmatory::q28_user_count,q28_user_count,eu_us_apac_gac,confirmatory,13,q28_user_count,confirmatory,128,regional_topk_candidates,0.9097917607906711,-0.7222289855111338,-0.8825821862596094,0.6785826265494215,3.2645189606970493,1.8827491858944,-4.084442302561751,0.0121418633946368,3.638995230860627,2.729203470069956
confirmatory::q29_user_value_range,q29_user_value_range,eu_us_apac_gac,confirmatory,14,q29_user_value_range,confirmatory,129,regional_topk_candidates,1.5887719636974098,-0.33035726773520013,-0.46866477980488697,0.7839518521983526,3.77957938974622,1.7112137125237605,-3.9961023615012,-0.0023686660882451,4.23526319081392,2.64649122711651
confirmatory::q30_user_day_sum,q30_user_day_sum,eu_us_apac_gac,confirmatory,15,q30_user_day_sum,confirmatory,130,mitigate_remote_path_bundle,2.0987527505674457,-1.537165929893936,0.11367539108571365,0.4948672956214637,2.4112362499346616,2.0139471886904565,-3.849723535182007,-0.0053923359171428,0.1943385496230142,2.29309130019046
