scope,target_index,target_query_id,target_cohort,target_winner,neighbor_index,neighbor_query_id,neighbor_cohort,neighbor_winner,distance,same_winner
all_other_cases,0,"cross-action-pilot-v1::pilot_gac_topk::raw-large-balanced-v1::{""cutoff_ts"":""2026-06-01 00:00:00+00"",""limit_k"":5000}",reference,regional_topk_candidates,18,"fuzzy-memory-topk-panel-v1::fuzzy_topk_transport_severe::raw-large-balanced-v1::{""cutoff_ts"":""2026-06-24 00:00:00+00"",""limit_k"":10000}",reference,mitigate_remote_path_bundle,2.056915703364297,False
all_other_cases,1,"cross-action-pilot-v1::pilot_gac_topk::raw-small-balanced-v1::{""cutoff_ts"":""2026-06-01 00:00:00+00"",""limit_k"":5000}",reference,mitigate_remote_path_bundle,35,q04_event_oldest,final_dba,mitigate_remote_path_bundle,1.0338992894860983,True
all_other_cases,2,"fuzzy-memory-topk-panel-v1::fuzzy_topk_balanced::raw-large-balanced-v1::{""cutoff_ts"":""2026-06-24 00:00:00+00"",""limit_k"":10000}",reference,regional_topk_candidates,18,"fuzzy-memory-topk-panel-v1::fuzzy_topk_transport_severe::raw-large-balanced-v1::{""cutoff_ts"":""2026-06-24 00:00:00+00"",""limit_k"":10000}",reference,mitigate_remote_path_bundle,0.905320466598039,False
all_other_cases,3,"fuzzy-memory-topk-panel-v1::fuzzy_topk_balanced::raw-large-balanced-v1::{""cutoff_ts"":""2026-06-24 00:00:00+00"",""limit_k"":100}",reference,regional_topk_candidates,41,q06_tenant_sum,final_dba,regional_topk_candidates,0.9051312948498461,True
all_other_cases,4,"fuzzy-memory-topk-panel-v1::fuzzy_topk_balanced::raw-large-balanced-v1::{""cutoff_ts"":""2026-06-29 00:00:00+00"",""limit_k"":10000}",reference,mitigate_remote_path_bundle,20,"fuzzy-memory-topk-panel-v1::fuzzy_topk_transport_severe::raw-large-balanced-v1::{""cutoff_ts"":""2026-06-29 00:00:00+00"",""limit_k"":10000}",reference,mitigate_remote_path_bundle,0.9572339088455939,True
all_other_cases,5,"fuzzy-memory-topk-panel-v1::fuzzy_topk_balanced::raw-large-balanced-v1::{""cutoff_ts"":""2026-06-29 00:00:00+00"",""limit_k"":100}",reference,regional_topk_candidates,41,q06_tenant_sum,final_dba,regional_topk_candidates,0.5032662909240595,True
all_other_cases,6,"fuzzy-memory-topk-panel-v1::fuzzy_topk_balanced::raw-small-balanced-v1::{""cutoff_ts"":""2026-06-24 00:00:00+00"",""limit_k"":10000}",reference,mitigate_remote_path_bundle,22,"fuzzy-memory-topk-panel-v1::fuzzy_topk_transport_severe::raw-small-balanced-v1::{""cutoff_ts"":""2026-06-24 00:00:00+00"",""limit_k"":10000}",reference,mitigate_remote_path_bundle,0.7290054280523193,True
all_other_cases,7,"fuzzy-memory-topk-panel-v1::fuzzy_topk_balanced::raw-small-balanced-v1::{""cutoff_ts"":""2026-06-24 00:00:00+00"",""limit_k"":100}",reference,mitigate_remote_path_bundle,23,"fuzzy-memory-topk-panel-v1::fuzzy_topk_transport_severe::raw-small-balanced-v1::{""cutoff_ts"":""2026-06-24 00:00:00+00"",""limit_k"":100}",reference,mitigate_remote_path_bundle,0.7881208239668235,True
all_other_cases,8,"fuzzy-memory-topk-panel-v1::fuzzy_topk_balanced::raw-small-balanced-v1::{""cutoff_ts"":""2026-06-29 00:00:00+00"",""limit_k"":10000}",reference,mitigate_remote_path_bundle,16,"fuzzy-memory-topk-panel-v1::fuzzy_topk_memory_severe::raw-small-balanced-v1::{""cutoff_ts"":""2026-06-29 00:00:00+00"",""limit_k"":10000}",reference,mitigate_remote_path_bundle,0.9002987539675815,True
all_other_cases,9,"fuzzy-memory-topk-panel-v1::fuzzy_topk_balanced::raw-small-balanced-v1::{""cutoff_ts"":""2026-06-29 00:00:00+00"",""limit_k"":100}",reference,mitigate_remote_path_bundle,25,"fuzzy-memory-topk-panel-v1::fuzzy_topk_transport_severe::raw-small-balanced-v1::{""cutoff_ts"":""2026-06-29 00:00:00+00"",""limit_k"":100}",reference,mitigate_remote_path_bundle,0.48248436121472127,True
all_other_cases,10,"fuzzy-memory-topk-panel-v1::fuzzy_topk_memory_severe::raw-large-balanced-v1::{""cutoff_ts"":""2026-06-24 00:00:00+00"",""limit_k"":10000}",reference,regional_topk_candidates,12,"fuzzy-memory-topk-panel-v1::fuzzy_topk_memory_severe::raw-large-balanced-v1::{""cutoff_ts"":""2026-06-29 00:00:00+00"",""limit_k"":10000}",reference,regional_topk_candidates,1.1608700133781191,True
all_other_cases,11,"fuzzy-memory-topk-panel-v1::fuzzy_topk_memory_severe::raw-large-balanced-v1::{""cutoff_ts"":""2026-06-24 00:00:00+00"",""limit_k"":100}",reference,regional_topk_candidates,3,"fuzzy-memory-topk-panel-v1::fuzzy_topk_balanced::raw-large-balanced-v1::{""cutoff_ts"":""2026-06-24 00:00:00+00"",""limit_k"":100}",reference,regional_topk_candidates,1.0048804424723619,True
all_other_cases,12,"fuzzy-memory-topk-panel-v1::fuzzy_topk_memory_severe::raw-large-balanced-v1::{""cutoff_ts"":""2026-06-29 00:00:00+00"",""limit_k"":10000}",reference,regional_topk_candidates,10,"fuzzy-memory-topk-panel-v1::fuzzy_topk_memory_severe::raw-large-balanced-v1::{""cutoff_ts"":""2026-06-24 00:00:00+00"",""limit_k"":10000}",reference,regional_topk_candidates,1.1608700133781191,True
all_other_cases,13,"fuzzy-memory-topk-panel-v1::fuzzy_topk_memory_severe::raw-large-balanced-v1::{""cutoff_ts"":""2026-06-29 00:00:00+00"",""limit_k"":100}",reference,regional_topk_candidates,83,q05_event_deviation,topology,regional_topk_candidates,0.5933044764368618,True
all_other_cases,14,"fuzzy-memory-topk-panel-v1::fuzzy_topk_memory_severe::raw-small-balanced-v1::{""cutoff_ts"":""2026-06-24 00:00:00+00"",""limit_k"":10000}",reference,mitigate_remote_path_bundle,6,"fuzzy-memory-topk-panel-v1::fuzzy_topk_balanced::raw-small-balanced-v1::{""cutoff_ts"":""2026-06-24 00:00:00+00"",""limit_k"":10000}",reference,mitigate_remote_path_bundle,0.8621345496777482,True
all_other_cases,15,"fuzzy-memory-topk-panel-v1::fuzzy_topk_memory_severe::raw-small-balanced-v1::{""cutoff_ts"":""2026-06-24 00:00:00+00"",""limit_k"":100}",reference,mitigate_remote_path_bundle,27,q02_event_value_asc,final_dba,mitigate_remote_path_bundle,0.786897951352881,True
all_other_cases,16,"fuzzy-memory-topk-panel-v1::fuzzy_topk_memory_severe::raw-small-balanced-v1::{""cutoff_ts"":""2026-06-29 00:00:00+00"",""limit_k"":10000}",reference,mitigate_remote_path_bundle,8,"fuzzy-memory-topk-panel-v1::fuzzy_topk_balanced::raw-small-balanced-v1::{""cutoff_ts"":""2026-06-29 00:00:00+00"",""limit_k"":10000}",reference,mitigate_remote_path_bundle,0.9002987539675815,True
all_other_cases,17,"fuzzy-memory-topk-panel-v1::fuzzy_topk_memory_severe::raw-small-balanced-v1::{""cutoff_ts"":""2026-06-29 00:00:00+00"",""limit_k"":100}",reference,mitigate_remote_path_bundle,27,q02_event_value_asc,final_dba,mitigate_remote_path_bundle,0.5608011143596758,True
all_other_cases,18,"fuzzy-memory-topk-panel-v1::fuzzy_topk_transport_severe::raw-large-balanced-v1::{""cutoff_ts"":""2026-06-24 00:00:00+00"",""limit_k"":10000}",reference,mitigate_remote_path_bundle,2,"fuzzy-memory-topk-panel-v1::fuzzy_topk_balanced::raw-large-balanced-v1::{""cutoff_ts"":""2026-06-24 00:00:00+00"",""limit_k"":10000}",reference,regional_topk_candidates,0.905320466598039,False
all_other_cases,19,"fuzzy-memory-topk-panel-v1::fuzzy_topk_transport_severe::raw-large-balanced-v1::{""cutoff_ts"":""2026-06-24 00:00:00+00"",""limit_k"":100}",reference,regional_topk_candidates,89,q07_tenant_count,topology,regional_topk_candidates,0.6730239579647401,True
all_other_cases,20,"fuzzy-memory-topk-panel-v1::fuzzy_topk_transport_severe::raw-large-balanced-v1::{""cutoff_ts"":""2026-06-29 00:00:00+00"",""limit_k"":10000}",reference,mitigate_remote_path_bundle,4,"fuzzy-memory-topk-panel-v1::fuzzy_topk_balanced::raw-large-balanced-v1::{""cutoff_ts"":""2026-06-29 00:00:00+00"",""limit_k"":10000}",reference,mitigate_remote_path_bundle,0.9572339088455939,True
all_other_cases,21,"fuzzy-memory-topk-panel-v1::fuzzy_topk_transport_severe::raw-large-balanced-v1::{""cutoff_ts"":""2026-06-29 00:00:00+00"",""limit_k"":100}",reference,mitigate_remote_path_bundle,41,q06_tenant_sum,final_dba,regional_topk_candidates,0.7755917957456823,False
all_other_cases,22,"fuzzy-memory-topk-panel-v1::fuzzy_topk_transport_severe::raw-small-balanced-v1::{""cutoff_ts"":""2026-06-24 00:00:00+00"",""limit_k"":10000}",reference,mitigate_remote_path_bundle,6,"fuzzy-memory-topk-panel-v1::fuzzy_topk_balanced::raw-small-balanced-v1::{""cutoff_ts"":""2026-06-24 00:00:00+00"",""limit_k"":10000}",reference,mitigate_remote_path_bundle,0.7290054280523193,True
all_other_cases,23,"fuzzy-memory-topk-panel-v1::fuzzy_topk_transport_severe::raw-small-balanced-v1::{""cutoff_ts"":""2026-06-24 00:00:00+00"",""limit_k"":100}",reference,mitigate_remote_path_bundle,7,"fuzzy-memory-topk-panel-v1::fuzzy_topk_balanced::raw-small-balanced-v1::{""cutoff_ts"":""2026-06-24 00:00:00+00"",""limit_k"":100}",reference,mitigate_remote_path_bundle,0.7881208239668235,True
all_other_cases,24,"fuzzy-memory-topk-panel-v1::fuzzy_topk_transport_severe::raw-small-balanced-v1::{""cutoff_ts"":""2026-06-29 00:00:00+00"",""limit_k"":10000}",reference,mitigate_remote_path_bundle,77,q03_event_recent,topology,mitigate_remote_path_bundle,1.5622931870250292,True
all_other_cases,25,"fuzzy-memory-topk-panel-v1::fuzzy_topk_transport_severe::raw-small-balanced-v1::{""cutoff_ts"":""2026-06-29 00:00:00+00"",""limit_k"":100}",reference,mitigate_remote_path_bundle,9,"fuzzy-memory-topk-panel-v1::fuzzy_topk_balanced::raw-small-balanced-v1::{""cutoff_ts"":""2026-06-29 00:00:00+00"",""limit_k"":100}",reference,mitigate_remote_path_bundle,0.48248436121472127,True
all_other_cases,26,q01_event_value_desc,final_dba,mitigate_remote_path_bundle,71,q01_event_value_desc,topology,mitigate_remote_path_bundle,0.3099709249450685,True
all_other_cases,27,q02_event_value_asc,final_dba,mitigate_remote_path_bundle,17,"fuzzy-memory-topk-panel-v1::fuzzy_topk_memory_severe::raw-small-balanced-v1::{""cutoff_ts"":""2026-06-29 00:00:00+00"",""limit_k"":100}",reference,mitigate_remote_path_bundle,0.5608011143596758,True
all_other_cases,28,q02_event_value_asc,final_dba,mitigate_remote_path_bundle,27,q02_event_value_asc,final_dba,mitigate_remote_path_bundle,0.7317364215501386,True
all_other_cases,29,q03_event_recent,final_dba,mitigate_remote_path_bundle,31,q03_event_recent,final_dba,mitigate_remote_path_bundle,0.594387844703846,True
all_other_cases,30,q03_event_recent,final_dba,mitigate_remote_path_bundle,31,q03_event_recent,final_dba,mitigate_remote_path_bundle,0.3166695105777743,True
all_other_cases,31,q03_event_recent,final_dba,mitigate_remote_path_bundle,30,q03_event_recent,final_dba,mitigate_remote_path_bundle,0.3166695105777743,True
all_other_cases,32,q04_event_oldest,final_dba,mitigate_remote_path_bundle,80,q04_event_oldest,topology,mitigate_remote_path_bundle,0.47123908221450406,True
all_other_cases,33,q04_event_oldest,final_dba,mitigate_remote_path_bundle,34,q04_event_oldest,final_dba,mitigate_remote_path_bundle,0.03738296070975189,True
all_other_cases,34,q04_event_oldest,final_dba,mitigate_remote_path_bundle,33,q04_event_oldest,final_dba,mitigate_remote_path_bundle,0.03738296070975189,True
all_other_cases,35,q04_event_oldest,final_dba,mitigate_remote_path_bundle,33,q04_event_oldest,final_dba,mitigate_remote_path_bundle,0.19612837768444988,True
all_other_cases,36,q05_event_deviation,final_dba,regional_topk_candidates,83,q05_event_deviation,topology,regional_topk_candidates,0.7661499085021812,True
all_other_cases,37,q05_event_deviation,final_dba,regional_topk_candidates,39,q05_event_deviation,final_dba,regional_topk_candidates,0.12114468078502626,True
all_other_cases,38,q05_event_deviation,final_dba,regional_topk_candidates,40,q05_event_deviation,final_dba,regional_topk_candidates,0.17903842363424496,True
all_other_cases,39,q05_event_deviation,final_dba,regional_topk_candidates,37,q05_event_deviation,final_dba,regional_topk_candidates,0.12114468078502626,True
all_other_cases,40,q05_event_deviation,final_dba,regional_topk_candidates,38,q05_event_deviation,final_dba,regional_topk_candidates,0.17903842363424496,True
all_other_cases,41,q06_tenant_sum,final_dba,regional_topk_candidates,86,q06_tenant_sum,topology,regional_topk_candidates,0.42792350169056587,True
all_other_cases,42,q07_tenant_count,final_dba,regional_topk_candidates,43,q07_tenant_count,final_dba,regional_topk_candidates,0.7298123203779371,True
all_other_cases,43,q07_tenant_count,final_dba,regional_topk_candidates,42,q07_tenant_count,final_dba,regional_topk_candidates,0.7298123203779371,True
all_other_cases,44,q08_tenant_avg,final_dba,regional_topk_candidates,46,q08_tenant_avg,final_dba,regional_topk_candidates,0.6102716617432834,True
all_other_cases,45,q08_tenant_avg,final_dba,regional_topk_candidates,44,q08_tenant_avg,final_dba,regional_topk_candidates,0.7287829472436067,True
all_other_cases,46,q08_tenant_avg,final_dba,regional_topk_candidates,92,q08_tenant_avg,topology,regional_topk_candidates,0.5258882656658116,True
all_other_cases,47,q09_tenant_max,final_dba,mitigate_remote_path_bundle,96,q09_tenant_max,topology,mitigate_remote_path_bundle,0.09464207250734293,True
all_other_cases,48,q09_tenant_max,final_dba,mitigate_remote_path_bundle,49,q09_tenant_max,final_dba,mitigate_remote_path_bundle,0.39973046572684656,True
all_other_cases,49,q09_tenant_max,final_dba,mitigate_remote_path_bundle,50,q09_tenant_max,final_dba,mitigate_remote_path_bundle,0.23252411411839968,True
all_other_cases,50,q09_tenant_max,final_dba,mitigate_remote_path_bundle,49,q09_tenant_max,final_dba,mitigate_remote_path_bundle,0.23252411411839968,True
all_other_cases,51,q10_tenant_min,final_dba,mitigate_remote_path_bundle,100,q10_tenant_min,topology,mitigate_remote_path_bundle,0.6556325822433614,True
all_other_cases,52,q10_tenant_min,final_dba,mitigate_remote_path_bundle,53,q10_tenant_min,final_dba,mitigate_remote_path_bundle,0.09828669542135676,True
all_other_cases,53,q10_tenant_min,final_dba,mitigate_remote_path_bundle,52,q10_tenant_min,final_dba,mitigate_remote_path_bundle,0.09828669542135676,True
all_other_cases,54,q10_tenant_min,final_dba,mitigate_remote_path_bundle,52,q10_tenant_min,final_dba,mitigate_remote_path_bundle,0.0989066040901134,True
all_other_cases,55,q10_tenant_min,final_dba,mitigate_remote_path_bundle,54,q10_tenant_min,final_dba,mitigate_remote_path_bundle,1.5203404125177626,True
all_other_cases,56,q11_tenant_high_count,final_dba,regional_topk_candidates,103,q11_tenant_high_count,topology,regional_topk_candidates,0.44171186408001817,True
all_other_cases,57,q12_tenant_user_sum,final_dba,regional_topk_candidates,105,q12_tenant_user_sum,topology,regional_topk_candidates,0.3454730443490734,True
all_other_cases,58,q12_tenant_user_sum,final_dba,regional_topk_candidates,105,q12_tenant_user_sum,topology,regional_topk_candidates,0.41308747514674526,True
all_other_cases,59,q13_tenant_user_count,final_dba,mitigate_remote_path_bundle,109,q13_tenant_user_count,topology,mitigate_remote_path_bundle,0.1898506537841829,True
all_other_cases,60,q13_tenant_user_count,final_dba,mitigate_remote_path_bundle,61,q13_tenant_user_count,final_dba,mitigate_remote_path_bundle,0.2631039858358637,True
all_other_cases,61,q13_tenant_user_count,final_dba,mitigate_remote_path_bundle,60,q13_tenant_user_count,final_dba,mitigate_remote_path_bundle,0.2631039858358637,True
all_other_cases,62,q14_tenant_day_sum,final_dba,mitigate_remote_path_bundle,112,q14_tenant_day_sum,topology,mitigate_remote_path_bundle,0.1850520493921548,True
all_other_cases,63,q14_tenant_day_sum,final_dba,mitigate_remote_path_bundle,65,q14_tenant_day_sum,final_dba,mitigate_remote_path_bundle,0.3168403513248026,True
all_other_cases,64,q14_tenant_day_sum,final_dba,mitigate_remote_path_bundle,65,q14_tenant_day_sum,final_dba,mitigate_remote_path_bundle,0.36330942376727404,True
all_other_cases,65,q14_tenant_day_sum,final_dba,mitigate_remote_path_bundle,63,q14_tenant_day_sum,final_dba,mitigate_remote_path_bundle,0.3168403513248026,True
all_other_cases,66,q15_tenant_day_count,final_dba,mitigate_remote_path_bundle,115,q15_tenant_day_count,topology,mitigate_remote_path_bundle,0.026620562405065388,True
all_other_cases,67,q15_tenant_day_count,final_dba,mitigate_remote_path_bundle,68,q15_tenant_day_count,final_dba,mitigate_remote_path_bundle,0.4118603056118746,True
all_other_cases,68,q15_tenant_day_count,final_dba,mitigate_remote_path_bundle,69,q15_tenant_day_count,final_dba,mitigate_remote_path_bundle,0.05120896096134547,True
all_other_cases,69,q15_tenant_day_count,final_dba,mitigate_remote_path_bundle,68,q15_tenant_day_count,final_dba,mitigate_remote_path_bundle,0.05120896096134547,True
all_other_cases,70,q15_tenant_day_count,final_dba,mitigate_remote_path_bundle,69,q15_tenant_day_count,final_dba,mitigate_remote_path_bundle,0.22965356525990674,True
all_other_cases,71,q01_event_value_desc,topology,mitigate_remote_path_bundle,26,q01_event_value_desc,final_dba,mitigate_remote_path_bundle,0.3099709249450685,True
all_other_cases,72,q01_event_value_desc,topology,mitigate_remote_path_bundle,73,q01_event_value_desc,topology,mitigate_remote_path_bundle,0.6664931385538897,True
all_other_cases,73,q01_event_value_desc,topology,mitigate_remote_path_bundle,72,q01_event_value_desc,topology,mitigate_remote_path_bundle,0.6664931385538897,True
all_other_cases,74,q02_event_value_asc,topology,mitigate_remote_path_bundle,17,"fuzzy-memory-topk-panel-v1::fuzzy_topk_memory_severe::raw-small-balanced-v1::{""cutoff_ts"":""2026-06-29 00:00:00+00"",""limit_k"":100}",reference,mitigate_remote_path_bundle,0.6077734900264629,True
all_other_cases,75,q02_event_value_asc,topology,mitigate_remote_path_bundle,76,q02_event_value_asc,topology,mitigate_remote_path_bundle,0.7952247486068741,True
all_other_cases,76,q02_event_value_asc,topology,mitigate_remote_path_bundle,75,q02_event_value_asc,topology,mitigate_remote_path_bundle,0.7952247486068741,True
all_other_cases,77,q03_event_recent,topology,mitigate_remote_path_bundle,30,q03_event_recent,final_dba,mitigate_remote_path_bundle,0.8272293807349482,True
all_other_cases,78,q03_event_recent,topology,mitigate_remote_path_bundle,79,q03_event_recent,topology,mitigate_remote_path_bundle,0.8227445264645835,True
all_other_cases,79,q03_event_recent,topology,mitigate_remote_path_bundle,78,q03_event_recent,topology,mitigate_remote_path_bundle,0.8227445264645835,True
all_other_cases,80,q04_event_oldest,topology,mitigate_remote_path_bundle,35,q04_event_oldest,final_dba,mitigate_remote_path_bundle,0.29298775653902703,True
all_other_cases,81,q04_event_oldest,topology,mitigate_remote_path_bundle,82,q04_event_oldest,topology,mitigate_remote_path_bundle,0.8083783438259146,True
all_other_cases,82,q04_event_oldest,topology,mitigate_remote_path_bundle,81,q04_event_oldest,topology,mitigate_remote_path_bundle,0.8083783438259146,True
all_other_cases,83,q05_event_deviation,topology,regional_topk_candidates,13,"fuzzy-memory-topk-panel-v1::fuzzy_topk_memory_severe::raw-large-balanced-v1::{""cutoff_ts"":""2026-06-29 00:00:00+00"",""limit_k"":100}",reference,regional_topk_candidates,0.5933044764368618,True
all_other_cases,84,q05_event_deviation,topology,regional_topk_candidates,85,q05_event_deviation,topology,regional_topk_candidates,0.5505809594404056,True
all_other_cases,85,q05_event_deviation,topology,regional_topk_candidates,84,q05_event_deviation,topology,regional_topk_candidates,0.5505809594404056,True
all_other_cases,86,q06_tenant_sum,topology,regional_topk_candidates,41,q06_tenant_sum,final_dba,regional_topk_candidates,0.42792350169056587,True
all_other_cases,87,q06_tenant_sum,topology,regional_topk_candidates,127,q27_user_sum,confirmatory,regional_topk_candidates,0.5167276845828455,True
all_other_cases,88,q06_tenant_sum,topology,regional_topk_candidates,117,q17_event_log_value,confirmatory,regional_topk_candidates,0.3830471376572178,True
all_other_cases,89,q07_tenant_count,topology,regional_topk_candidates,19,"fuzzy-memory-topk-panel-v1::fuzzy_topk_transport_severe::raw-large-balanced-v1::{""cutoff_ts"":""2026-06-24 00:00:00+00"",""limit_k"":100}",reference,regional_topk_candidates,0.6730239579647401,True
all_other_cases,90,q07_tenant_count,topology,regional_topk_candidates,91,q07_tenant_count,topology,regional_topk_candidates,0.7926837778605363,True
all_other_cases,91,q07_tenant_count,topology,regional_topk_candidates,90,q07_tenant_count,topology,regional_topk_candidates,0.7926837778605363,True
all_other_cases,92,q08_tenant_avg,topology,regional_topk_candidates,46,q08_tenant_avg,final_dba,regional_topk_candidates,0.5258882656658116,True
all_other_cases,93,q08_tenant_avg,topology,regional_topk_candidates,94,q08_tenant_avg,topology,regional_topk_candidates,0.06310825405465961,True
all_other_cases,94,q08_tenant_avg,topology,regional_topk_candidates,93,q08_tenant_avg,topology,regional_topk_candidates,0.06310825405465961,True
all_other_cases,95,q09_tenant_max,topology,mitigate_remote_path_bundle,98,q10_tenant_min,topology,mitigate_remote_path_bundle,1.181235066291961,True
all_other_cases,96,q09_tenant_max,topology,mitigate_remote_path_bundle,47,q09_tenant_max,final_dba,mitigate_remote_path_bundle,0.09464207250734293,True
all_other_cases,97,q09_tenant_max,topology,mitigate_remote_path_bundle,96,q09_tenant_max,topology,mitigate_remote_path_bundle,0.2056704801606457,True
all_other_cases,98,q10_tenant_min,topology,mitigate_remote_path_bundle,95,q09_tenant_max,topology,mitigate_remote_path_bundle,1.181235066291961,True
all_other_cases,99,q10_tenant_min,topology,mitigate_remote_path_bundle,100,q10_tenant_min,topology,mitigate_remote_path_bundle,0.4523282198722041,True
all_other_cases,100,q10_tenant_min,topology,mitigate_remote_path_bundle,99,q10_tenant_min,topology,mitigate_remote_path_bundle,0.4523282198722041,True
all_other_cases,101,q11_tenant_high_count,topology,regional_topk_candidates,104,q12_tenant_user_sum,topology,regional_topk_candidates,1.5464160160245237,True
all_other_cases,102,q11_tenant_high_count,topology,regional_topk_candidates,103,q11_tenant_high_count,topology,regional_topk_candidates,0.3027965274118658,True
all_other_cases,103,q11_tenant_high_count,topology,regional_topk_candidates,102,q11_tenant_high_count,topology,regional_topk_candidates,0.3027965274118658,True
all_other_cases,104,q12_tenant_user_sum,topology,regional_topk_candidates,113,q15_tenant_day_count,topology,mitigate_remote_path_bundle,1.3641200663436606,False
all_other_cases,105,q12_tenant_user_sum,topology,regional_topk_candidates,57,q12_tenant_user_sum,final_dba,regional_topk_candidates,0.3454730443490734,True
all_other_cases,106,q12_tenant_user_sum,topology,regional_topk_candidates,57,q12_tenant_user_sum,final_dba,regional_topk_candidates,0.46408179132047384,True
all_other_cases,107,q13_tenant_user_count,topology,mitigate_remote_path_bundle,98,q10_tenant_min,topology,mitigate_remote_path_bundle,1.1827235323795575,True
all_other_cases,108,q13_tenant_user_count,topology,mitigate_remote_path_bundle,109,q13_tenant_user_count,topology,mitigate_remote_path_bundle,0.16924223893355048,True
all_other_cases,109,q13_tenant_user_count,topology,mitigate_remote_path_bundle,108,q13_tenant_user_count,topology,mitigate_remote_path_bundle,0.16924223893355048,True
all_other_cases,110,q14_tenant_day_sum,topology,mitigate_remote_path_bundle,113,q15_tenant_day_count,topology,mitigate_remote_path_bundle,1.342712442166005,True
all_other_cases,111,q14_tenant_day_sum,topology,mitigate_remote_path_bundle,62,q14_tenant_day_sum,final_dba,mitigate_remote_path_bundle,0.6667254913642747,True
all_other_cases,112,q14_tenant_day_sum,topology,mitigate_remote_path_bundle,62,q14_tenant_day_sum,final_dba,mitigate_remote_path_bundle,0.1850520493921548,True
all_other_cases,113,q15_tenant_day_count,topology,mitigate_remote_path_bundle,110,q14_tenant_day_sum,topology,mitigate_remote_path_bundle,1.342712442166005,True
all_other_cases,114,q15_tenant_day_count,topology,mitigate_remote_path_bundle,66,q15_tenant_day_count,final_dba,mitigate_remote_path_bundle,0.4507160614593328,True
all_other_cases,115,q15_tenant_day_count,topology,mitigate_remote_path_bundle,66,q15_tenant_day_count,final_dba,mitigate_remote_path_bundle,0.026620562405065388,True
all_other_cases,116,q16_event_value_squared,confirmatory,mitigate_remote_path_bundle,126,q26_tenant_hour_count,confirmatory,mitigate_remote_path_bundle,0.29621418869504684,True
all_other_cases,117,q17_event_log_value,confirmatory,regional_topk_candidates,127,q27_user_sum,confirmatory,regional_topk_candidates,0.24750366997692044,True
all_other_cases,118,q18_event_recent_high_value,confirmatory,mitigate_remote_path_bundle,128,q28_user_count,confirmatory,regional_topk_candidates,0.3393025743106615,False
all_other_cases,119,q19_event_old_low_value,confirmatory,mitigate_remote_path_bundle,129,q29_user_value_range,confirmatory,regional_topk_candidates,0.1742895065723318,False
all_other_cases,120,q20_event_tenant_weighted,confirmatory,mitigate_remote_path_bundle,130,q30_user_day_sum,confirmatory,mitigate_remote_path_bundle,0.4215700641875937,True
all_other_cases,121,q21_tenant_value_range,confirmatory,regional_topk_candidates,127,q27_user_sum,confirmatory,regional_topk_candidates,0.5327723299922417,True
all_other_cases,122,q22_tenant_distinct_users,confirmatory,regional_topk_candidates,123,q23_tenant_even_user_count,confirmatory,regional_topk_candidates,0.506699209593876,True
all_other_cases,123,q23_tenant_even_user_count,confirmatory,regional_topk_candidates,129,q29_user_value_range,confirmatory,regional_topk_candidates,0.4619300585899602,True
all_other_cases,124,q24_tenant_midband_sum,confirmatory,mitigate_remote_path_bundle,130,q30_user_day_sum,confirmatory,mitigate_remote_path_bundle,0.4509689712662862,True
all_other_cases,125,q25_tenant_day_avg,confirmatory,mitigate_remote_path_bundle,120,q20_event_tenant_weighted,confirmatory,mitigate_remote_path_bundle,0.5686667204009199,True
all_other_cases,126,q26_tenant_hour_count,confirmatory,mitigate_remote_path_bundle,116,q16_event_value_squared,confirmatory,mitigate_remote_path_bundle,0.29621418869504684,True
all_other_cases,127,q27_user_sum,confirmatory,regional_topk_candidates,117,q17_event_log_value,confirmatory,regional_topk_candidates,0.24750366997692044,True
all_other_cases,128,q28_user_count,confirmatory,regional_topk_candidates,118,q18_event_recent_high_value,confirmatory,mitigate_remote_path_bundle,0.3393025743106615,False
all_other_cases,129,q29_user_value_range,confirmatory,regional_topk_candidates,119,q19_event_old_low_value,confirmatory,mitigate_remote_path_bundle,0.1742895065723318,False
all_other_cases,130,q30_user_day_sum,confirmatory,mitigate_remote_path_bundle,120,q20_event_tenant_weighted,confirmatory,mitigate_remote_path_bundle,0.4215700641875937,True
reference_only_for_confirmatory,116,q16_event_value_squared,confirmatory,mitigate_remote_path_bundle,7,"fuzzy-memory-topk-panel-v1::fuzzy_topk_balanced::raw-small-balanced-v1::{""cutoff_ts"":""2026-06-24 00:00:00+00"",""limit_k"":100}",reference,mitigate_remote_path_bundle,4.703317655976879,True
reference_only_for_confirmatory,117,q17_event_log_value,confirmatory,regional_topk_candidates,23,"fuzzy-memory-topk-panel-v1::fuzzy_topk_transport_severe::raw-small-balanced-v1::{""cutoff_ts"":""2026-06-24 00:00:00+00"",""limit_k"":100}",reference,mitigate_remote_path_bundle,5.005053904350432,False
reference_only_for_confirmatory,118,q18_event_recent_high_value,confirmatory,mitigate_remote_path_bundle,23,"fuzzy-memory-topk-panel-v1::fuzzy_topk_transport_severe::raw-small-balanced-v1::{""cutoff_ts"":""2026-06-24 00:00:00+00"",""limit_k"":100}",reference,mitigate_remote_path_bundle,5.244685747235036,True
reference_only_for_confirmatory,119,q19_event_old_low_value,confirmatory,mitigate_remote_path_bundle,23,"fuzzy-memory-topk-panel-v1::fuzzy_topk_transport_severe::raw-small-balanced-v1::{""cutoff_ts"":""2026-06-24 00:00:00+00"",""limit_k"":100}",reference,mitigate_remote_path_bundle,5.593024800105141,True
reference_only_for_confirmatory,120,q20_event_tenant_weighted,confirmatory,mitigate_remote_path_bundle,7,"fuzzy-memory-topk-panel-v1::fuzzy_topk_balanced::raw-small-balanced-v1::{""cutoff_ts"":""2026-06-24 00:00:00+00"",""limit_k"":100}",reference,mitigate_remote_path_bundle,4.691789492659699,True
reference_only_for_confirmatory,121,q21_tenant_value_range,confirmatory,regional_topk_candidates,23,"fuzzy-memory-topk-panel-v1::fuzzy_topk_transport_severe::raw-small-balanced-v1::{""cutoff_ts"":""2026-06-24 00:00:00+00"",""limit_k"":100}",reference,mitigate_remote_path_bundle,4.956839637494194,False
reference_only_for_confirmatory,122,q22_tenant_distinct_users,confirmatory,regional_topk_candidates,23,"fuzzy-memory-topk-panel-v1::fuzzy_topk_transport_severe::raw-small-balanced-v1::{""cutoff_ts"":""2026-06-24 00:00:00+00"",""limit_k"":100}",reference,mitigate_remote_path_bundle,5.428386288976534,False
reference_only_for_confirmatory,123,q23_tenant_even_user_count,confirmatory,regional_topk_candidates,23,"fuzzy-memory-topk-panel-v1::fuzzy_topk_transport_severe::raw-small-balanced-v1::{""cutoff_ts"":""2026-06-24 00:00:00+00"",""limit_k"":100}",reference,mitigate_remote_path_bundle,5.657128171359465,False
reference_only_for_confirmatory,124,q24_tenant_midband_sum,confirmatory,mitigate_remote_path_bundle,7,"fuzzy-memory-topk-panel-v1::fuzzy_topk_balanced::raw-small-balanced-v1::{""cutoff_ts"":""2026-06-24 00:00:00+00"",""limit_k"":100}",reference,mitigate_remote_path_bundle,4.7075996555727055,True
reference_only_for_confirmatory,125,q25_tenant_day_avg,confirmatory,mitigate_remote_path_bundle,23,"fuzzy-memory-topk-panel-v1::fuzzy_topk_transport_severe::raw-small-balanced-v1::{""cutoff_ts"":""2026-06-24 00:00:00+00"",""limit_k"":100}",reference,mitigate_remote_path_bundle,5.0327379726588655,True
reference_only_for_confirmatory,126,q26_tenant_hour_count,confirmatory,mitigate_remote_path_bundle,7,"fuzzy-memory-topk-panel-v1::fuzzy_topk_balanced::raw-small-balanced-v1::{""cutoff_ts"":""2026-06-24 00:00:00+00"",""limit_k"":100}",reference,mitigate_remote_path_bundle,4.76191229997097,True
reference_only_for_confirmatory,127,q27_user_sum,confirmatory,regional_topk_candidates,23,"fuzzy-memory-topk-panel-v1::fuzzy_topk_transport_severe::raw-small-balanced-v1::{""cutoff_ts"":""2026-06-24 00:00:00+00"",""limit_k"":100}",reference,mitigate_remote_path_bundle,4.927917158670429,False
reference_only_for_confirmatory,128,q28_user_count,confirmatory,regional_topk_candidates,23,"fuzzy-memory-topk-panel-v1::fuzzy_topk_transport_severe::raw-small-balanced-v1::{""cutoff_ts"":""2026-06-24 00:00:00+00"",""limit_k"":100}",reference,mitigate_remote_path_bundle,5.209640390486371,False
reference_only_for_confirmatory,129,q29_user_value_range,confirmatory,regional_topk_candidates,23,"fuzzy-memory-topk-panel-v1::fuzzy_topk_transport_severe::raw-small-balanced-v1::{""cutoff_ts"":""2026-06-24 00:00:00+00"",""limit_k"":100}",reference,mitigate_remote_path_bundle,5.505366117077382,False
reference_only_for_confirmatory,130,q30_user_day_sum,confirmatory,mitigate_remote_path_bundle,7,"fuzzy-memory-topk-panel-v1::fuzzy_topk_balanced::raw-small-balanced-v1::{""cutoff_ts"":""2026-06-24 00:00:00+00"",""limit_k"":100}",reference,mitigate_remote_path_bundle,4.628076321988641,True
final_dba_only_for_confirmatory,116,q16_event_value_squared,confirmatory,mitigate_remote_path_bundle,29,q03_event_recent,final_dba,mitigate_remote_path_bundle,4.7510420078938855,True
final_dba_only_for_confirmatory,117,q17_event_log_value,confirmatory,regional_topk_candidates,29,q03_event_recent,final_dba,mitigate_remote_path_bundle,5.080708683294708,False
final_dba_only_for_confirmatory,118,q18_event_recent_high_value,confirmatory,mitigate_remote_path_bundle,31,q03_event_recent,final_dba,mitigate_remote_path_bundle,5.364077143725083,True
final_dba_only_for_confirmatory,119,q19_event_old_low_value,confirmatory,mitigate_remote_path_bundle,31,q03_event_recent,final_dba,mitigate_remote_path_bundle,5.6691430746132605,True
final_dba_only_for_confirmatory,120,q20_event_tenant_weighted,confirmatory,mitigate_remote_path_bundle,31,q03_event_recent,final_dba,mitigate_remote_path_bundle,4.527503528287346,True
final_dba_only_for_confirmatory,121,q21_tenant_value_range,confirmatory,regional_topk_candidates,29,q03_event_recent,final_dba,mitigate_remote_path_bundle,5.169596876770264,False
final_dba_only_for_confirmatory,122,q22_tenant_distinct_users,confirmatory,regional_topk_candidates,31,q03_event_recent,final_dba,mitigate_remote_path_bundle,5.60781883437753,False
final_dba_only_for_confirmatory,123,q23_tenant_even_user_count,confirmatory,regional_topk_candidates,31,q03_event_recent,final_dba,mitigate_remote_path_bundle,5.812184266017035,False
final_dba_only_for_confirmatory,124,q24_tenant_midband_sum,confirmatory,mitigate_remote_path_bundle,31,q03_event_recent,final_dba,mitigate_remote_path_bundle,4.6090884402109165,True
final_dba_only_for_confirmatory,125,q25_tenant_day_avg,confirmatory,mitigate_remote_path_bundle,31,q03_event_recent,final_dba,mitigate_remote_path_bundle,4.887778850500991,True
final_dba_only_for_confirmatory,126,q26_tenant_hour_count,confirmatory,mitigate_remote_path_bundle,29,q03_event_recent,final_dba,mitigate_remote_path_bundle,4.850494775236454,True
final_dba_only_for_confirmatory,127,q27_user_sum,confirmatory,regional_topk_candidates,29,q03_event_recent,final_dba,mitigate_remote_path_bundle,5.0211635807852355,False
final_dba_only_for_confirmatory,128,q28_user_count,confirmatory,regional_topk_candidates,31,q03_event_recent,final_dba,mitigate_remote_path_bundle,5.329348229593802,False
final_dba_only_for_confirmatory,129,q29_user_value_range,confirmatory,regional_topk_candidates,31,q03_event_recent,final_dba,mitigate_remote_path_bundle,5.597797230163204,False
final_dba_only_for_confirmatory,130,q30_user_day_sum,confirmatory,mitigate_remote_path_bundle,31,q03_event_recent,final_dba,mitigate_remote_path_bundle,4.4542319876802745,True
topology_only_for_confirmatory,116,q16_event_value_squared,confirmatory,mitigate_remote_path_bundle,85,q05_event_deviation,topology,regional_topk_candidates,0.819181847921895,False
topology_only_for_confirmatory,117,q17_event_log_value,confirmatory,regional_topk_candidates,88,q06_tenant_sum,topology,regional_topk_candidates,0.3830471376572178,True
topology_only_for_confirmatory,118,q18_event_recent_high_value,confirmatory,mitigate_remote_path_bundle,88,q06_tenant_sum,topology,regional_topk_candidates,0.6638823512350498,False
topology_only_for_confirmatory,119,q19_event_old_low_value,confirmatory,mitigate_remote_path_bundle,90,q07_tenant_count,topology,regional_topk_candidates,0.9930030771752527,False
topology_only_for_confirmatory,120,q20_event_tenant_weighted,confirmatory,mitigate_remote_path_bundle,88,q06_tenant_sum,topology,regional_topk_candidates,1.0611549885529017,False
topology_only_for_confirmatory,121,q21_tenant_value_range,confirmatory,regional_topk_candidates,88,q06_tenant_sum,topology,regional_topk_candidates,0.7070905809497525,True
topology_only_for_confirmatory,122,q22_tenant_distinct_users,confirmatory,regional_topk_candidates,88,q06_tenant_sum,topology,regional_topk_candidates,0.9550929476257902,True
topology_only_for_confirmatory,123,q23_tenant_even_user_count,confirmatory,regional_topk_candidates,90,q07_tenant_count,topology,regional_topk_candidates,1.1039279484576616,True
topology_only_for_confirmatory,124,q24_tenant_midband_sum,confirmatory,mitigate_remote_path_bundle,87,q06_tenant_sum,topology,regional_topk_candidates,0.7095420493723376,False
topology_only_for_confirmatory,125,q25_tenant_day_avg,confirmatory,mitigate_remote_path_bundle,87,q06_tenant_sum,topology,regional_topk_candidates,0.860069431362417,False
topology_only_for_confirmatory,126,q26_tenant_hour_count,confirmatory,mitigate_remote_path_bundle,87,q06_tenant_sum,topology,regional_topk_candidates,0.8290628888700475,False
topology_only_for_confirmatory,127,q27_user_sum,confirmatory,regional_topk_candidates,88,q06_tenant_sum,topology,regional_topk_candidates,0.4942182672771261,True
topology_only_for_confirmatory,128,q28_user_count,confirmatory,regional_topk_candidates,88,q06_tenant_sum,topology,regional_topk_candidates,0.4814274027562704,True
topology_only_for_confirmatory,129,q29_user_value_range,confirmatory,regional_topk_candidates,90,q07_tenant_count,topology,regional_topk_candidates,1.0153706306487567,True
topology_only_for_confirmatory,130,q30_user_day_sum,confirmatory,mitigate_remote_path_bundle,87,q06_tenant_sum,topology,regional_topk_candidates,1.0339734135645617,False
all_prior_for_confirmatory,116,q16_event_value_squared,confirmatory,mitigate_remote_path_bundle,85,q05_event_deviation,topology,regional_topk_candidates,0.819181847921895,False
all_prior_for_confirmatory,117,q17_event_log_value,confirmatory,regional_topk_candidates,88,q06_tenant_sum,topology,regional_topk_candidates,0.3830471376572178,True
all_prior_for_confirmatory,118,q18_event_recent_high_value,confirmatory,mitigate_remote_path_bundle,88,q06_tenant_sum,topology,regional_topk_candidates,0.6638823512350498,False
all_prior_for_confirmatory,119,q19_event_old_low_value,confirmatory,mitigate_remote_path_bundle,90,q07_tenant_count,topology,regional_topk_candidates,0.9930030771752527,False
all_prior_for_confirmatory,120,q20_event_tenant_weighted,confirmatory,mitigate_remote_path_bundle,88,q06_tenant_sum,topology,regional_topk_candidates,1.0611549885529017,False
all_prior_for_confirmatory,121,q21_tenant_value_range,confirmatory,regional_topk_candidates,88,q06_tenant_sum,topology,regional_topk_candidates,0.7070905809497525,True
all_prior_for_confirmatory,122,q22_tenant_distinct_users,confirmatory,regional_topk_candidates,88,q06_tenant_sum,topology,regional_topk_candidates,0.9550929476257902,True
all_prior_for_confirmatory,123,q23_tenant_even_user_count,confirmatory,regional_topk_candidates,90,q07_tenant_count,topology,regional_topk_candidates,1.1039279484576616,True
all_prior_for_confirmatory,124,q24_tenant_midband_sum,confirmatory,mitigate_remote_path_bundle,87,q06_tenant_sum,topology,regional_topk_candidates,0.7095420493723376,False
all_prior_for_confirmatory,125,q25_tenant_day_avg,confirmatory,mitigate_remote_path_bundle,87,q06_tenant_sum,topology,regional_topk_candidates,0.860069431362417,False
all_prior_for_confirmatory,126,q26_tenant_hour_count,confirmatory,mitigate_remote_path_bundle,87,q06_tenant_sum,topology,regional_topk_candidates,0.8290628888700475,False
all_prior_for_confirmatory,127,q27_user_sum,confirmatory,regional_topk_candidates,88,q06_tenant_sum,topology,regional_topk_candidates,0.4942182672771261,True
all_prior_for_confirmatory,128,q28_user_count,confirmatory,regional_topk_candidates,88,q06_tenant_sum,topology,regional_topk_candidates,0.4814274027562704,True
all_prior_for_confirmatory,129,q29_user_value_range,confirmatory,regional_topk_candidates,90,q07_tenant_count,topology,regional_topk_candidates,1.0153706306487567,True
all_prior_for_confirmatory,130,q30_user_day_sum,confirmatory,mitigate_remote_path_bundle,87,q06_tenant_sum,topology,regional_topk_candidates,1.0339734135645617,False
confirmatory_only_for_confirmatory,116,q16_event_value_squared,confirmatory,mitigate_remote_path_bundle,126,q26_tenant_hour_count,confirmatory,mitigate_remote_path_bundle,0.29621418869504684,True
confirmatory_only_for_confirmatory,117,q17_event_log_value,confirmatory,regional_topk_candidates,127,q27_user_sum,confirmatory,regional_topk_candidates,0.24750366997692044,True
confirmatory_only_for_confirmatory,118,q18_event_recent_high_value,confirmatory,mitigate_remote_path_bundle,128,q28_user_count,confirmatory,regional_topk_candidates,0.3393025743106615,False
confirmatory_only_for_confirmatory,119,q19_event_old_low_value,confirmatory,mitigate_remote_path_bundle,129,q29_user_value_range,confirmatory,regional_topk_candidates,0.1742895065723318,False
confirmatory_only_for_confirmatory,120,q20_event_tenant_weighted,confirmatory,mitigate_remote_path_bundle,130,q30_user_day_sum,confirmatory,mitigate_remote_path_bundle,0.4215700641875937,True
confirmatory_only_for_confirmatory,121,q21_tenant_value_range,confirmatory,regional_topk_candidates,127,q27_user_sum,confirmatory,regional_topk_candidates,0.5327723299922417,True
confirmatory_only_for_confirmatory,122,q22_tenant_distinct_users,confirmatory,regional_topk_candidates,123,q23_tenant_even_user_count,confirmatory,regional_topk_candidates,0.506699209593876,True
confirmatory_only_for_confirmatory,123,q23_tenant_even_user_count,confirmatory,regional_topk_candidates,129,q29_user_value_range,confirmatory,regional_topk_candidates,0.4619300585899602,True
confirmatory_only_for_confirmatory,124,q24_tenant_midband_sum,confirmatory,mitigate_remote_path_bundle,130,q30_user_day_sum,confirmatory,mitigate_remote_path_bundle,0.4509689712662862,True
confirmatory_only_for_confirmatory,125,q25_tenant_day_avg,confirmatory,mitigate_remote_path_bundle,120,q20_event_tenant_weighted,confirmatory,mitigate_remote_path_bundle,0.5686667204009199,True
confirmatory_only_for_confirmatory,126,q26_tenant_hour_count,confirmatory,mitigate_remote_path_bundle,116,q16_event_value_squared,confirmatory,mitigate_remote_path_bundle,0.29621418869504684,True
confirmatory_only_for_confirmatory,127,q27_user_sum,confirmatory,regional_topk_candidates,117,q17_event_log_value,confirmatory,regional_topk_candidates,0.24750366997692044,True
confirmatory_only_for_confirmatory,128,q28_user_count,confirmatory,regional_topk_candidates,118,q18_event_recent_high_value,confirmatory,mitigate_remote_path_bundle,0.3393025743106615,False
confirmatory_only_for_confirmatory,129,q29_user_value_range,confirmatory,regional_topk_candidates,119,q19_event_old_low_value,confirmatory,mitigate_remote_path_bundle,0.1742895065723318,False
confirmatory_only_for_confirmatory,130,q30_user_day_sum,confirmatory,mitigate_remote_path_bundle,120,q20_event_tenant_weighted,confirmatory,mitigate_remote_path_bundle,0.4215700641875937,True
