query_run_id,distance_c0,membership_c0,distance_c1,membership_c1,distance_c2,membership_c2,distance_c3,membership_c3,dominant_cluster,max_membership
20260725T113706Z-confirmatory-skew-v1-state-a__A-conf--436ed4b3ed2f--eu_tenant_id-1__us_tenant_id-10001__lookback_days-7,7.507775524236318,0.00590011946227901,6.142112721961266,0.010470925778972007,1.2584936623498872,0.9705835745789483,5.687255008387344,0.013045380179800748,2,0.9705835745789483
20260725T113720Z-confirmatory-skew-v1-state-a__A-conf--233df2af3061--p_tenants_raw_finalize__lookback_days-7__limit_k-50,2.512796447755121,0.1370552820916547,1.3667435332058118,0.7807736611617637,5.863808328003007,0.012173152002617147,3.179003950056266,0.06999790474396438,1,0.7807736611617637
20260725T113737Z-confirmatory-skew-v1-state-a__A-conf--233df2af3061--p_tenants_raw_finalize__lookback_days-7__limit_k-50,2.5129991027432377,0.13711515108990616,1.3670400412685928,0.7808106472084619,5.863855026346267,0.012180998807451944,3.181412696027096,0.06989320289418004,1,0.7808106472084619
20260725T113754Z-confirmatory-skew-v1-state-a__A-conf--82bc259aae2e--eu_tenant_id-1__us_tenant_id-10001__lookback_days-7,7.474018928356716,0.002963387950133061,6.027616088481532,0.005478608329304293,0.9794819180427545,0.9848773284713249,5.6233232062554235,0.0066806752492376605,2,0.9848773284713249
20260725T113809Z-confirmatory-skew-v1-state-a__A-conf--436ed4b3ed2f--eu_tenant_id-1__us_tenant_id-10001__lookback_days-7,7.507828224696215,0.005903159344380817,6.14216947792268,0.010476254170039386,1.2587341810371833,0.9705730459054175,5.687990667323042,0.013047540580162248,2,0.9705730459054175
20260725T113823Z-confirmatory-skew-v1-state-a__A-conf--84566377899f--ultiregion_top_tenants__lookback_days-7__limit_k-50,2.7942388621250274,0.07875133327571229,1.2181956936121547,0.8440937461481315,5.676621038618661,0.010393312597396679,2.960529704450076,0.06676160797875949,1,0.8440937461481315
20260725T113840Z-confirmatory-skew-v1-state-a__A-conf--84566377899f--ultiregion_top_tenants__lookback_days-7__limit_k-50,2.794686544380453,0.07888137555074662,1.219083460487048,0.8441159157589601,5.676780797455259,0.010414403875806279,2.965410934900285,0.06658830481448703,1,0.8441159157589601
20260725T113856Z-confirmatory-skew-v1-state-a__A-conf--233df2af3061--p_tenants_raw_finalize__lookback_days-7__limit_k-50,2.512360689558656,0.13691389283153982,1.366073919167201,0.780674105942629,5.863670221467143,0.012155387579089173,3.1732047555056617,0.07025661364674216,1,0.780674105942629
20260725T113913Z-confirmatory-skew-v1-state-a__A-conf--82bc259aae2e--eu_tenant_id-1__us_tenant_id-10001__lookback_days-7,7.474025205066871,0.002963696156315217,6.027622968873747,0.00547917340750653,0.9795188437359692,0.9848760370072908,5.623409422777862,0.006681093428887456,2,0.9848760370072908
20260725T113927Z-confirmatory-skew-v1-state-a__A-conf--436ed4b3ed2f--eu_tenant_id-1__us_tenant_id-10001__lookback_days-7,7.507867641762403,0.005905440854923051,6.142211990579196,0.010480253089981729,1.2589146480168834,0.9705650979786619,5.688535419177438,0.013049208076433371,2,0.9705650979786619
20260725T113941Z-confirmatory-skew-v1-state-a__A-conf--82bc259aae2e--eu_tenant_id-1__us_tenant_id-10001__lookback_days-7,7.473956059227871,0.002960308726077416,6.0275472446716325,0.005472962630421102,0.9791128619642185,0.9848902052505538,5.622453351223273,0.006676523392947482,2,0.9848902052505538
20260725T113955Z-confirmatory-skew-v1-state-a__A-conf--84566377899f--ultiregion_top_tenants__lookback_days-7__limit_k-50,2.794362208663043,0.07878213720827554,1.218411648393967,0.844102816310284,5.676639230126782,0.01039859418229406,2.961766960296592,0.06671645229914652,1,0.844102816310284
20260725T114139Z-confirmatory-skew-v1-state-b__B-conf--6b6a1bdab472--ultiregion_top_tenants__lookback_days-7__limit_k-50,2.583108001464351,0.07195950501613556,1.0731997647872786,0.8850740021465181,6.023700543761622,0.006404087905320785,3.273868710884853,0.036562404932025595,1,0.8850740021465181
20260725T114155Z-confirmatory-skew-v1-state-b__B-conf--1526324c3195--eu_tenant_id-1__us_tenant_id-10001__lookback_days-7,6.001221307195419,0.14452160166277395,4.855076212872253,0.26479784980243026,4.728749754751966,0.2855143492051241,4.619855166697657,0.30516619932967165,3,0.30516619932967165
20260725T114210Z-confirmatory-skew-v1-state-b__B-conf--1526324c3195--eu_tenant_id-1__us_tenant_id-10001__lookback_days-7,6.001132631198379,0.14448927065067307,4.854979636156977,0.26474248122022875,4.72866364461653,0.2854532770261111,4.6186372052163165,0.3053149711029871,3,0.3053149711029871
20260725T114224Z-confirmatory-skew-v1-state-b__B-conf--06f02b2e6acb--p_tenants_raw_finalize__lookback_days-7__limit_k-50,2.2744701507048886,0.14215572176560765,1.2385725459062586,0.8071092471872263,6.2005545997583695,0.008097201225200181,3.4667257010336243,0.04263782982196589,1,0.8071092471872263
20260725T114241Z-confirmatory-skew-v1-state-b__B-conf--21b957a24269--eu_tenant_id-1__us_tenant_id-10001__lookback_days-7,6.042199383221799,0.14853155188701214,4.995460529273488,0.2557846576192658,4.793392059682436,0.28781301780278085,4.6816898796648845,0.30787077269094126,3,0.30787077269094126
20260725T114255Z-confirmatory-skew-v1-state-b__B-conf--6b6a1bdab472--ultiregion_top_tenants__lookback_days-7__limit_k-50,2.5830418910571598,0.07193657501343578,1.0730446101674223,0.8850928239767473,6.02366692861905,0.006401681171180115,3.2732156424947227,0.036568919838636985,1,0.8850928239767473
20260725T114312Z-confirmatory-skew-v1-state-b__B-conf--06f02b2e6acb--p_tenants_raw_finalize__lookback_days-7__limit_k-50,2.273900647818599,0.14198755110067363,1.237729969544811,0.8071456713970504,6.200422722708491,0.008082328820567832,3.460262135788571,0.04278444868170827,1,0.8071456713970504
20260725T114329Z-confirmatory-skew-v1-state-b__B-conf--1526324c3195--eu_tenant_id-1__us_tenant_id-10001__lookback_days-7,6.001145449079475,0.14449397637737948,4.854993582310932,0.26475054614074234,4.728676063674056,0.2854621736755034,4.618814443575434,0.30529330380637476,3,0.30529330380637476
20260725T114343Z-confirmatory-skew-v1-state-b__B-conf--06f02b2e6acb--p_tenants_raw_finalize__lookback_days-7__limit_k-50,2.2748408027936513,0.14226119521794883,1.2391145429376356,0.807074738163967,6.2006294219110565,0.008106702972309499,3.470484565462701,0.042557363645774726,1,0.807074738163967
20260725T114400Z-confirmatory-skew-v1-state-b__B-conf--21b957a24269--eu_tenant_id-1__us_tenant_id-10001__lookback_days-7,6.042086392878208,0.14847630156393712,4.9953459481021305,0.25569260688954487,4.793295088268554,0.28770721571130253,4.679646598219075,0.30812387583521555,3,0.30812387583521555
20260725T114414Z-confirmatory-skew-v1-state-b__B-conf--21b957a24269--eu_tenant_id-1__us_tenant_id-10001__lookback_days-7,6.042237321230974,0.1485685929320054,4.9954698052041735,0.2558516780688025,4.79332278010054,0.28790184630282567,4.683155035040172,0.30767788269636653,3,0.30767788269636653
20260725T114428Z-confirmatory-skew-v1-state-b__B-conf--6b6a1bdab472--ultiregion_top_tenants__lookback_days-7__limit_k-50,2.5831038064260823,0.07195087405439818,1.0731495865960516,0.8850819692592727,6.023667978229565,0.006403388983505536,3.2736832470912294,0.036563767702823456,1,0.8850819692592727
20260725T114509Z-confirmatory-skew-v1-state-c__C-conf--8dcf7977c538--ultiregion_top_tenants__lookback_days-7__limit_k-50,2.583064128133032,0.07193667142535769,1.0730539915499429,0.8850936716037776,6.023645933560625,0.006401910965492169,3.273282131405686,0.036567746005372805,1,0.8850936716037776
20260725T114527Z-confirmatory-skew-v1-state-c__C-conf--e08b476aca95--eu_tenant_id-1__us_tenant_id-10001__lookback_days-7,6.001139894679618,0.14450564212914038,4.85495955616111,0.2647765225721846,4.728571622146613,0.2855024819152437,4.619353524874605,0.30521535338343136,3,0.30521535338343136
20260725T114541Z-confirmatory-skew-v1-state-c__C-conf--ffe4b17dee3b--p_tenants_raw_finalize__lookback_days-7__limit_k-50,2.2742858534731787,0.14208775375260016,1.238252484976172,0.8071323753481451,6.200471592791563,0.008091765707808415,3.4644354161640756,0.04268810519144622,1,0.8071323753481451
20260725T114557Z-confirmatory-skew-v1-state-c__C-conf--dfea1533ac18--eu_tenant_id-1__us_tenant_id-10001__lookback_days-7,6.0417446955279805,0.1483178088382847,4.994974352697227,0.2554326818604573,4.792908454516467,0.2874198979214473,4.67388903637956,0.3088296113798107,3,0.3088296113798107
20260725T114611Z-confirmatory-skew-v1-state-c__C-conf--ffe4b17dee3b--p_tenants_raw_finalize__lookback_days-7__limit_k-50,2.2743903911649848,0.14211539545964805,1.2383968716455311,0.8071264899442787,6.200486300649372,0.008094347953012981,3.4655222243292934,0.04266376664306019,1,0.8071264899442787
20260725T114629Z-confirmatory-skew-v1-state-c__C-conf--ffe4b17dee3b--p_tenants_raw_finalize__lookback_days-7__limit_k-50,2.2748055223532533,0.14223675675450834,1.2390136098427131,0.8070881583818101,6.200579539608318,0.008105137497637969,3.4698630054037247,0.04256994736604364,1,0.8070881583818101
20260725T114645Z-confirmatory-skew-v1-state-c__C-conf--dfea1533ac18--eu_tenant_id-1__us_tenant_id-10001__lookback_days-7,6.04223848291427,0.14856913455410578,4.99547099422348,0.2558525773522285,4.793323799703549,0.2879028790546392,4.6831750890441946,0.30767540903902646,3,0.30767540903902646
20260725T114659Z-confirmatory-skew-v1-state-c__C-conf--8dcf7977c538--ultiregion_top_tenants__lookback_days-7__limit_k-50,2.5830358133434586,0.071921492337312,1.0729574435560687,0.8851067135843451,6.02360880359581,0.006400472385530104,3.272892490100766,0.03657132169281263,1,0.8851067135843451
20260725T114716Z-confirmatory-skew-v1-state-c__C-conf--8dcf7977c538--ultiregion_top_tenants__lookback_days-7__limit_k-50,2.5830557072450198,0.07192676644283115,1.0729949849365361,0.8851026135204203,6.023612026177973,0.006401072810705337,3.273057282564299,0.036569547226043185,1,0.8851026135204203
20260725T114732Z-confirmatory-skew-v1-state-c__C-conf--e08b476aca95--eu_tenant_id-1__us_tenant_id-10001__lookback_days-7,6.001122421946217,0.1444992776828071,4.854940523944948,0.2647656240216886,4.728554649406466,0.28549046046041604,4.619113755647365,0.3052446378350884,3,0.3052446378350884
20260725T114746Z-confirmatory-skew-v1-state-c__C-conf--dfea1533ac18--eu_tenant_id-1__us_tenant_id-10001__lookback_days-7,6.042364241293124,0.1486266590444664,4.995600172350661,0.25594795106339324,4.793435125460952,0.28801236743788755,4.685306005118848,0.3074130224542527,3,0.3074130224542527
20260725T114800Z-confirmatory-skew-v1-state-c__C-conf--e08b476aca95--eu_tenant_id-1__us_tenant_id-10001__lookback_days-7,6.001142933240996,0.14450674687452045,4.854962866793013,0.2647784139629428,4.728574575528109,0.2855045681203045,4.6193951463520175,0.30521027104223225,3,0.30521027104223225
20260725T114938Z-confirmatory-skew-v1-state-d__D-conf--64364e429dca--p_tenants_raw_finalize__lookback_days-7__limit_k-50,5.676538575208799,0.29158359270992396,5.320767496812753,0.3508127763683953,7.732487487234417,0.12056817977665116,6.103318245474945,0.23703545114502966,1,0.3508127763683953
20260725T114955Z-confirmatory-skew-v1-state-d__D-conf--2f228c08ecc5--ultiregion_top_tenants__lookback_days-7__limit_k-50,5.819600717741733,0.27022895944284436,5.290600461407442,0.35480028129867214,7.588337095188808,0.12660078097522315,5.993971382425592,0.2483699782832604,1,0.35480028129867214
20260725T115013Z-confirmatory-skew-v1-state-d__D-conf--650f99449b22--eu_tenant_id-1__us_tenant_id-10001__lookback_days-7,7.195805377339749,0.006030938016716885,5.7608085609692745,0.011386056572347108,1.2165463777004846,0.9681851207864137,5.306517125911317,0.014397884624522362,2,0.9681851207864137
20260725T115027Z-confirmatory-skew-v1-state-d__D-conf--061a7a7e4919--eu_tenant_id-1__us_tenant_id-10001__lookback_days-7,7.160519231873277,0.0028399377975235687,5.638508489376427,0.00562113356352809,0.9246174619842243,0.9845972352329668,5.237085996747714,0.006941693405981474,2,0.9845972352329668
20260725T115041Z-confirmatory-skew-v1-state-d__D-conf--64364e429dca--p_tenants_raw_finalize__lookback_days-7__limit_k-50,5.676406080496027,0.29152424922336445,5.320649070524838,0.3507402927719737,7.732415590074229,0.12053880514593095,6.101289071785452,0.23719665285873087,1,0.3507402927719737
20260725T115058Z-confirmatory-skew-v1-state-d__D-conf--2f228c08ecc5--ultiregion_top_tenants__lookback_days-7__limit_k-50,5.819657608113217,0.2702469205559148,5.290652154144085,0.3548238685949824,7.5883620487561805,0.12661154236144165,5.994611333727575,0.2483176684876611,1,0.3548238685949824
20260725T115115Z-confirmatory-skew-v1-state-d__D-conf--64364e429dca--p_tenants_raw_finalize__lookback_days-7__limit_k-50,5.676511877531422,0.29157199598804723,5.3207394090216615,0.35079940106637764,7.7324619119183895,0.12056290384225953,6.10293201572794,0.2370656991033156,1,0.35079940106637764
20260725T115132Z-confirmatory-skew-v1-state-d__D-conf--061a7a7e4919--eu_tenant_id-1__us_tenant_id-10001__lookback_days-7,7.160507496810181,0.0028393438552851403,5.638495315570118,0.005619969164803168,0.9245474021252119,0.984599849683634,5.2369201014137134,0.006940837296277768,2,0.984599849683634
20260725T115146Z-confirmatory-skew-v1-state-d__D-conf--2f228c08ecc5--ultiregion_top_tenants__lookback_days-7__limit_k-50,5.819619499259221,0.2702348068326237,5.29061240019646,0.3548089427130971,7.588331379205491,0.1266049603117068,5.99419398360391,0.24835129014257243,1,0.3548089427130971
20260725T115203Z-confirmatory-skew-v1-state-d__D-conf--650f99449b22--eu_tenant_id-1__us_tenant_id-10001__lookback_days-7,7.195845011614707,0.006033341115833655,5.7608522564878175,0.01139052588808164,1.2167264495922885,0.9681766391672021,5.307078721411629,0.014399493828882575,2,0.9681766391672021
20260725T115217Z-confirmatory-skew-v1-state-d__D-conf--650f99449b22--eu_tenant_id-1__us_tenant_id-10001__lookback_days-7,7.1958011035760645,0.006030679288486357,5.760803852375944,0.011385575376720686,1.2165269880053542,0.9681860312529991,5.3064562948169565,0.014397714081794003,2,0.9681860312529991
20260725T115231Z-confirmatory-skew-v1-state-d__D-conf--061a7a7e4919--eu_tenant_id-1__us_tenant_id-10001__lookback_days-7,7.160508431074854,0.0028393911229744077,5.6384963642158485,0.005620061831408147,0.9245529780454623,0.9845996416828862,5.236933323084744,0.0069409053627312225,2,0.9845996416828862
