matrix,feature,row_count,non_null_count,null_count,null_fraction,numeric_count,zero_count,distinct_non_null_count
m0,main_root_actual_total_time_ms,48,48,0,0.0,48,0,48
m0,main_root_actual_rows,48,48,0,0.0,48,0,2
m0,main_root_plan_rows,48,48,0,0.0,48,0,3
m0,main_total_cost,48,48,0,0.0,48,0,4
m0,has_foreign_scan,48,48,0,0.0,48,0,1
m0,has_custom_scan,48,48,0,0.0,48,48,1
m0,has_join,48,48,0,0.0,48,48,1
m0,has_sort,48,48,0,0.0,48,0,1
m0,has_hash,48,48,0,0.0,48,48,1
m0,has_aggregate,48,48,0,0.0,48,0,1
m0,has_limit,48,48,0,0.0,48,24,2
m0,has_materialize,48,48,0,0.0,48,48,1
m0,join_node_count,48,48,0,0.0,48,48,1
m0,hash_join_count,48,48,0,0.0,48,48,1
m0,merge_join_count,48,48,0,0.0,48,48,1
m0,nested_loop_count,48,48,0,0.0,48,48,1
m0,remote_path_share,48,48,0,0.0,48,0,48
m0,fdw_remote_sql_count,48,48,0,0.0,48,0,1
m0,fdw_remote_plan_count,48,48,0,0.0,48,0,1
m0,remote_region_actual_rows_sum,48,48,0,0.0,48,0,3
m0,remote_region_actual_rows_cv,48,48,0,0.0,48,42,2
m0,remote_region_actual_rows_max_share,48,48,0,0.0,48,0,2
m0,remote_region_actual_rows_min_max_ratio,48,48,0,0.0,48,0,2
m0,remote_region_actual_rows_active_share,48,48,0,0.0,48,0,1
m0,remote_region_zero_row_count,48,48,0,0.0,48,48,1
m0,remote_region_nonzero_count,48,48,0,0.0,48,0,1
m0,remote_region_tuple_bytes_sum,48,48,0,0.0,48,0,3
m0,remote_region_tuple_bytes_cv,48,48,0,0.0,48,42,2
m0,remote_region_tuple_bytes_max_share,48,48,0,0.0,48,0,2
m0,remote_region_tuple_bytes_min_max_ratio,48,48,0,0.0,48,0,2
m0,remote_region_tuple_bytes_active_share,48,48,0,0.0,48,0,1
m0,remote_region_task_count_sum,48,48,0,0.0,48,0,2
m0,remote_region_task_count_cv,48,48,0,0.0,48,48,1
m0,remote_region_task_count_max_share,48,48,0,0.0,48,0,1
m0,remote_region_task_count_min_max_ratio,48,48,0,0.0,48,0,1
m0,remote_region_task_count_active_share,48,48,0,0.0,48,0,1
m0,remote_region_plan_fingerprint_count,48,48,0,0.0,48,0,1
m0,remote_region_dominant_plan_fingerprint_share,48,48,0,0.0,48,0,1
m0,remote_plan_node_count_sum,48,48,0,0.0,48,0,1
m0,remote_plan_max_depth,48,48,0,0.0,48,48,1
m0,remote_has_custom_scan,48,48,0,0.0,48,0,1
m0,remote_has_sort,48,48,0,0.0,48,48,1
m0,remote_has_hash_join,48,48,0,0.0,48,48,1
m0,remote_actual_rows_sum,48,48,0,0.0,48,0,3
m0,global_fanin_ratio,48,48,0,0.0,48,0,26
m0,remote_to_final_rows_ratio,48,48,0,0.0,48,0,3
m0,finalize_share,48,48,0,0.0,48,0,48
m0,drf_bytes_proxy,48,48,0,0.0,48,0,3
m0,wan_output_rows,48,48,0,0.0,48,0,3
m0,wan_output_bytes_proxy,48,48,0,0.0,48,0,3
m0,regional_reduction_input_rows_proxy,48,48,0,0.0,48,0,4
m0,regional_reduction_input_bytes_proxy,48,48,0,0.0,48,0,4
m0,drf_rows_proxy,48,48,0,0.0,48,0,3
m0,wan_output_to_final_rows_ratio,48,48,0,0.0,48,0,3
m0,global_group_count_proxy,48,48,0,0.0,48,0,2
m0,global_group_density,48,48,0,0.0,48,0,3
m0,global_group_merge_ratio,48,48,0,0.0,48,0,3
m0,task_count_to_shard_count_ratio,48,48,0,0.0,48,0,2
m0,task_count_to_configured_region_shard_slots_ratio,48,48,0,0.0,48,0,2
m0,task_count_to_observed_region_shard_slots_ratio,48,48,0,0.0,48,0,2
m0,active_task_share,48,48,0,0.0,48,0,2
m0,tasks_per_worker_ratio,48,48,0,0.0,48,0,2
m0,temp_bytes_to_wan_bytes_ratio,48,48,0,0.0,48,24,6
m0,temp_blocks_per_wan_row,48,48,0,0.0,48,24,6
m0,temp_blocks_per_final_row,48,48,0,0.0,48,24,6
m0,temp_blocks_per_regional_input_row,48,48,0,0.0,48,24,6
m0,spill_per_wan_mb,48,48,0,0.0,48,24,6
m0,root_rows_estimate_error_log,48,48,0,0.0,48,36,2
m0,rows_estimate_error_max_abs_log,48,48,0,0.0,48,0,27
m0,rows_estimate_error_mean_abs_log,48,48,0,0.0,48,0,30
m0,foreign_scan_rows_estimate_error_log,48,48,0,0.0,48,0,24
m0,aggregate_rows_estimate_error_log,48,48,0,0.0,48,12,3
m0,join_rows_estimate_error_log,48,0,48,1.0,0,0,0
m0,sort_rows_estimate_error_log,48,48,0,0.0,48,12,6
m0,remote_root_rows_estimate_error_log,48,48,0,0.0,48,0,4
m0,temp_blocks_sum,48,48,0,0.0,48,24,6
m0,spill_flag,48,48,0,0.0,48,24,2
m0,external_sort_count,48,48,0,0.0,48,48,1
m0,sort_space_used_max,48,48,0,0.0,48,0,4
m0,hash_batches_max,48,48,0,0.0,48,0,1
m0,memory_pressure_score_v1,48,48,0,0.0,48,24,6
m0,task_count,48,48,0,0.0,48,0,2
m0,citus_map_merge_job_count,48,0,48,1.0,0,0,0
m0,citus_repartition_query,48,48,0,0.0,48,48,1
m0,worker_task_plan_count,48,48,0,0.0,48,0,2
m0,worker_task_actual_rows_sum,48,48,0,0.0,48,0,3
m0,worker_task_actual_rows_cv,48,48,0,0.0,48,24,4
m0,worker_task_actual_rows_max_share,48,48,0,0.0,48,0,4
m0,worker_task_scan_actual_rows_sum,48,48,0,0.0,48,0,4
m0,worker_task_scan_actual_rows_cv,48,48,0,0.0,48,18,5
m0,worker_task_scan_actual_rows_max_share,48,48,0,0.0,48,0,5
m0,remote_region_rows_isf,48,48,0,0.0,48,0,2
m0,remote_region_bytes_isf,48,48,0,0.0,48,0,2
m0,worker_task_scan_rows_isf,48,48,0,0.0,48,0,5
m0,worker_task_root_rows_isf,48,48,0,0.0,48,0,4
m0,worker_task_within_region_scan_rows_isf_max,48,48,0,0.0,48,0,4
m0,worker_task_index_scan_share,48,48,0,0.0,48,48,1
m0,worker_task_seq_scan_share,48,48,0,0.0,48,6,3
m0,worker_task_bitmap_scan_share,48,48,0,0.0,48,36,3
m0,worker_task_node_count_sum,48,48,0,0.0,48,0,4
m0,worker_task_plan_max_depth_max,48,48,0,0.0,48,36,2
m0,worker_task_plan_max_depth_mean,48,48,0,0.0,48,36,3
m0,worker_task_join_node_count,48,48,0,0.0,48,48,1
m0,worker_task_aggregate_node_count,48,48,0,0.0,48,48,1
m0,worker_task_sort_node_count,48,48,0,0.0,48,48,1
m0,worker_task_blocking_node_count,48,48,0,0.0,48,48,1
m0,worker_task_scan_node_count,48,48,0,0.0,48,0,4
m0,worker_task_materialization_node_count,48,48,0,0.0,48,48,1
m0,worker_task_parallel_node_count,48,48,0,0.0,48,48,1
m0,worker_task_bitmap_node_count,48,48,0,0.0,48,36,3
m0,worker_task_index_access_node_count,48,48,0,0.0,48,36,3
m0,worker_task_sequential_access_node_count,48,48,0,0.0,48,6,4
m0,worker_task_spill_capable_node_count,48,48,0,0.0,48,48,1
m0,worker_task_plan_fingerprint_count,48,48,0,0.0,48,0,2
m0,worker_task_plan_fingerprint_dominant_share,48,48,0,0.0,48,0,2
m0,worker_task_region_task_count_cv,48,48,0,0.0,48,48,1
m0,worker_task_region_rows_cv,48,48,0,0.0,48,42,2
m0,worker_task_region_rows_max_share,48,48,0,0.0,48,0,2
m0,worker_task_region_scan_rows_cv,48,48,0,0.0,48,36,3
m0,worker_task_region_scan_rows_max_share,48,48,0,0.0,48,0,3
m0,worker_task_within_region_rows_cv_max,48,48,0,0.0,48,24,4
m0,worker_task_within_region_rows_cv_mean,48,48,0,0.0,48,24,4
m0,worker_task_within_region_rows_max_share_max,48,48,0,0.0,48,0,4
m0,worker_task_within_region_scan_rows_cv_max,48,48,0,0.0,48,24,4
m0,worker_task_within_region_scan_rows_cv_mean,48,48,0,0.0,48,24,4
m0,worker_task_within_region_scan_rows_max_share_max,48,48,0,0.0,48,0,4
m0,worker_task_within_region_plan_fingerprint_count_max,48,48,0,0.0,48,0,1
m0,worker_task_within_region_plan_fingerprint_count_mean,48,48,0,0.0,48,0,1
m0,main_node_type_count_Aggregate,48,48,0,0.0,48,0,3
m0,main_node_type_count_Append,48,48,0,0.0,48,0,1
m0,main_node_type_count_CTEScan,48,48,0,0.0,48,24,2
m0,main_node_type_count_ForeignScan,48,48,0,0.0,48,0,1
m0,main_node_type_count_Sort,48,48,0,0.0,48,0,2
m0,main_node_type_count_Limit,48,48,0,0.0,48,24,2
m0,main_node_type_count_SubqueryScan,48,48,0,0.0,48,24,3
m0,worker_node_count_seq_scan,48,48,0,0.0,48,6,4
m0,worker_node_count_index_scan,48,48,0,0.0,48,48,1
m0,worker_node_count_index_only_scan,48,48,0,0.0,48,48,1
m0,worker_node_count_bitmap_heap_scan,48,48,0,0.0,48,36,3
m0,worker_node_count_bitmap_index_scan,48,48,0,0.0,48,36,3
m0,worker_node_count_hash_join,48,48,0,0.0,48,48,1
m0,worker_node_count_merge_join,48,48,0,0.0,48,48,1
m0,worker_node_count_nested_loop,48,48,0,0.0,48,48,1
m0,worker_node_count_sort,48,48,0,0.0,48,48,1
m0,worker_node_count_incremental_sort,48,48,0,0.0,48,48,1
m0,worker_node_count_hash_aggregate,48,48,0,0.0,48,48,1
m0,worker_node_count_group_aggregate,48,48,0,0.0,48,48,1
m0,worker_node_count_aggregate,48,48,0,0.0,48,48,1
m0,worker_node_count_materialize,48,48,0,0.0,48,48,1
m0,worker_node_count_memoize,48,48,0,0.0,48,48,1
m0,worker_node_count_other,48,48,0,0.0,48,48,1
m1,main_plan_node_count,48,48,0,0.0,48,0,3
m1,main_plan_max_depth,48,48,0,0.0,48,0,4
m1,main_plan_leaf_count,48,48,0,0.0,48,0,2
m1,main_plan_branch_node_count,48,48,0,0.0,48,0,4
m1,main_plan_avg_branching_factor,48,48,0,0.0,48,0,4
m1,main_plan_max_branching_factor,48,48,0,0.0,48,0,1
m1,remote_plan_leaf_count_sum,48,48,0,0.0,48,0,1
m1,remote_plan_avg_branching_factor,48,48,0,0.0,48,48,1
m1,aggregate_min_depth,48,48,0,0.0,48,12,2
m1,aggregate_max_depth,48,48,0,0.0,48,12,4
m1,sort_min_depth,48,48,0,0.0,48,12,2
m1,sort_max_depth,48,48,0,0.0,48,12,3
m1,join_min_depth,48,0,48,1.0,0,0,0
m1,join_max_depth,48,0,48,1.0,0,0,0
m1,foreign_scan_min_depth,48,48,0,0.0,48,0,3
m1,foreign_scan_max_depth,48,48,0,0.0,48,0,3
m1,custom_scan_min_depth,48,0,48,1.0,0,0,0
m1,custom_scan_max_depth,48,0,48,1.0,0,0,0
m1,aggregate_above_foreign_scan,48,48,0,0.0,48,12,2
m1,sort_above_foreign_scan,48,48,0,0.0,48,24,2
m1,limit_above_foreign_scan,48,48,0,0.0,48,24,2
m1,join_above_foreign_scan,48,48,0,0.0,48,48,1
m1,foreign_scan_under_aggregate,48,48,0,0.0,48,12,2
m1,foreign_scan_under_sort,48,48,0,0.0,48,24,2
m1,remote_aggregate_present,48,48,0,0.0,48,48,1
m1,remote_sort_present,48,48,0,0.0,48,48,1
m1,remote_join_present,48,48,0,0.0,48,48,1
m1,main_finalize_after_remote,48,48,0,0.0,48,12,2
m1,blocking_operator_count,48,48,0,0.0,48,0,4
m1,blocking_operator_min_depth,48,48,0,0.0,48,24,2
m1,blocking_operator_above_remote_count,48,48,0,0.0,48,12,4
m1,blocking_operator_below_remote_count,48,48,0,0.0,48,48,1
m1,first_blocking_operator_type__aggregate,48,48,0,0.0,48,36,2
m1,first_blocking_operator_type__sort,48,48,0,0.0,48,12,2
m1,first_blocking_operator_depth,48,48,0,0.0,48,24,2
m1,dominant_time_node_type__aggregate,48,48,0,0.0,48,36,2
m1,dominant_time_node_type__limit,48,48,0,0.0,48,24,2
m1,dominant_time_node_type__sort,48,48,0,0.0,48,36,2
m1,dominant_time_node_depth,48,48,0,0.0,48,48,1
m1,dominant_time_node_actual_time_share,48,48,0,0.0,48,0,48
m1,dominant_rows_node_type__custom_scan,48,48,0,0.0,48,0,1
m1,dominant_rows_node_depth,48,48,0,0.0,48,48,1
m1,dominant_rows_node_row_share,48,48,0,0.0,48,0,30
m1,main_root_actual_total_time_ms,48,48,0,0.0,48,0,48
m1,main_root_actual_rows,48,48,0,0.0,48,0,2
m1,main_root_plan_rows,48,48,0,0.0,48,0,3
m1,main_total_cost,48,48,0,0.0,48,0,4
m1,has_foreign_scan,48,48,0,0.0,48,0,1
m1,has_custom_scan,48,48,0,0.0,48,48,1
m1,has_join,48,48,0,0.0,48,48,1
m1,has_sort,48,48,0,0.0,48,0,1
m1,has_hash,48,48,0,0.0,48,48,1
m1,has_aggregate,48,48,0,0.0,48,0,1
m1,has_limit,48,48,0,0.0,48,24,2
m1,has_materialize,48,48,0,0.0,48,48,1
m1,join_node_count,48,48,0,0.0,48,48,1
m1,hash_join_count,48,48,0,0.0,48,48,1
m1,merge_join_count,48,48,0,0.0,48,48,1
m1,nested_loop_count,48,48,0,0.0,48,48,1
m1,remote_path_share,48,48,0,0.0,48,0,48
m1,fdw_remote_sql_count,48,48,0,0.0,48,0,1
m1,fdw_remote_plan_count,48,48,0,0.0,48,0,1
m1,remote_region_actual_rows_sum,48,48,0,0.0,48,0,3
m1,remote_region_actual_rows_cv,48,48,0,0.0,48,42,2
m1,remote_region_actual_rows_max_share,48,48,0,0.0,48,0,2
m1,remote_region_actual_rows_min_max_ratio,48,48,0,0.0,48,0,2
m1,remote_region_actual_rows_active_share,48,48,0,0.0,48,0,1
m1,remote_region_zero_row_count,48,48,0,0.0,48,48,1
m1,remote_region_nonzero_count,48,48,0,0.0,48,0,1
m1,remote_region_tuple_bytes_sum,48,48,0,0.0,48,0,3
m1,remote_region_tuple_bytes_cv,48,48,0,0.0,48,42,2
m1,remote_region_tuple_bytes_max_share,48,48,0,0.0,48,0,2
m1,remote_region_tuple_bytes_min_max_ratio,48,48,0,0.0,48,0,2
m1,remote_region_tuple_bytes_active_share,48,48,0,0.0,48,0,1
m1,remote_region_task_count_sum,48,48,0,0.0,48,0,2
m1,remote_region_task_count_cv,48,48,0,0.0,48,48,1
m1,remote_region_task_count_max_share,48,48,0,0.0,48,0,1
m1,remote_region_task_count_min_max_ratio,48,48,0,0.0,48,0,1
m1,remote_region_task_count_active_share,48,48,0,0.0,48,0,1
m1,remote_region_plan_fingerprint_count,48,48,0,0.0,48,0,1
m1,remote_region_dominant_plan_fingerprint_share,48,48,0,0.0,48,0,1
m1,remote_plan_node_count_sum,48,48,0,0.0,48,0,1
m1,remote_plan_max_depth,48,48,0,0.0,48,48,1
m1,remote_has_custom_scan,48,48,0,0.0,48,0,1
m1,remote_has_sort,48,48,0,0.0,48,48,1
m1,remote_has_hash_join,48,48,0,0.0,48,48,1
m1,remote_actual_rows_sum,48,48,0,0.0,48,0,3
m1,global_fanin_ratio,48,48,0,0.0,48,0,26
m1,remote_to_final_rows_ratio,48,48,0,0.0,48,0,3
m1,finalize_share,48,48,0,0.0,48,0,48
m1,drf_bytes_proxy,48,48,0,0.0,48,0,3
m1,wan_output_rows,48,48,0,0.0,48,0,3
m1,wan_output_bytes_proxy,48,48,0,0.0,48,0,3
m1,regional_reduction_input_rows_proxy,48,48,0,0.0,48,0,4
m1,regional_reduction_input_bytes_proxy,48,48,0,0.0,48,0,4
m1,drf_rows_proxy,48,48,0,0.0,48,0,3
m1,wan_output_to_final_rows_ratio,48,48,0,0.0,48,0,3
m1,global_group_count_proxy,48,48,0,0.0,48,0,2
m1,global_group_density,48,48,0,0.0,48,0,3
m1,global_group_merge_ratio,48,48,0,0.0,48,0,3
m1,task_count_to_shard_count_ratio,48,48,0,0.0,48,0,2
m1,task_count_to_configured_region_shard_slots_ratio,48,48,0,0.0,48,0,2
m1,task_count_to_observed_region_shard_slots_ratio,48,48,0,0.0,48,0,2
m1,active_task_share,48,48,0,0.0,48,0,2
m1,tasks_per_worker_ratio,48,48,0,0.0,48,0,2
m1,temp_bytes_to_wan_bytes_ratio,48,48,0,0.0,48,24,6
m1,temp_blocks_per_wan_row,48,48,0,0.0,48,24,6
m1,temp_blocks_per_final_row,48,48,0,0.0,48,24,6
m1,temp_blocks_per_regional_input_row,48,48,0,0.0,48,24,6
m1,spill_per_wan_mb,48,48,0,0.0,48,24,6
m1,root_rows_estimate_error_log,48,48,0,0.0,48,36,2
m1,rows_estimate_error_max_abs_log,48,48,0,0.0,48,0,27
m1,rows_estimate_error_mean_abs_log,48,48,0,0.0,48,0,30
m1,foreign_scan_rows_estimate_error_log,48,48,0,0.0,48,0,24
m1,aggregate_rows_estimate_error_log,48,48,0,0.0,48,12,3
m1,join_rows_estimate_error_log,48,0,48,1.0,0,0,0
m1,sort_rows_estimate_error_log,48,48,0,0.0,48,12,6
m1,remote_root_rows_estimate_error_log,48,48,0,0.0,48,0,4
m1,temp_blocks_sum,48,48,0,0.0,48,24,6
m1,spill_flag,48,48,0,0.0,48,24,2
m1,external_sort_count,48,48,0,0.0,48,48,1
m1,sort_space_used_max,48,48,0,0.0,48,0,4
m1,hash_batches_max,48,48,0,0.0,48,0,1
m1,memory_pressure_score_v1,48,48,0,0.0,48,24,6
m1,task_count,48,48,0,0.0,48,0,2
m1,citus_map_merge_job_count,48,0,48,1.0,0,0,0
m1,citus_repartition_query,48,48,0,0.0,48,48,1
m1,worker_task_plan_count,48,48,0,0.0,48,0,2
m1,worker_task_actual_rows_sum,48,48,0,0.0,48,0,3
m1,worker_task_actual_rows_cv,48,48,0,0.0,48,24,4
m1,worker_task_actual_rows_max_share,48,48,0,0.0,48,0,4
m1,worker_task_scan_actual_rows_sum,48,48,0,0.0,48,0,4
m1,worker_task_scan_actual_rows_cv,48,48,0,0.0,48,18,5
m1,worker_task_scan_actual_rows_max_share,48,48,0,0.0,48,0,5
m1,remote_region_rows_isf,48,48,0,0.0,48,0,2
m1,remote_region_bytes_isf,48,48,0,0.0,48,0,2
m1,worker_task_scan_rows_isf,48,48,0,0.0,48,0,5
m1,worker_task_root_rows_isf,48,48,0,0.0,48,0,4
m1,worker_task_within_region_scan_rows_isf_max,48,48,0,0.0,48,0,4
m1,worker_task_index_scan_share,48,48,0,0.0,48,48,1
m1,worker_task_seq_scan_share,48,48,0,0.0,48,6,3
m1,worker_task_bitmap_scan_share,48,48,0,0.0,48,36,3
m1,worker_task_node_count_sum,48,48,0,0.0,48,0,4
m1,worker_task_plan_max_depth_max,48,48,0,0.0,48,36,2
m1,worker_task_plan_max_depth_mean,48,48,0,0.0,48,36,3
m1,worker_task_join_node_count,48,48,0,0.0,48,48,1
m1,worker_task_aggregate_node_count,48,48,0,0.0,48,48,1
m1,worker_task_sort_node_count,48,48,0,0.0,48,48,1
m1,worker_task_blocking_node_count,48,48,0,0.0,48,48,1
m1,worker_task_scan_node_count,48,48,0,0.0,48,0,4
m1,worker_task_materialization_node_count,48,48,0,0.0,48,48,1
m1,worker_task_parallel_node_count,48,48,0,0.0,48,48,1
m1,worker_task_bitmap_node_count,48,48,0,0.0,48,36,3
m1,worker_task_index_access_node_count,48,48,0,0.0,48,36,3
m1,worker_task_sequential_access_node_count,48,48,0,0.0,48,6,4
m1,worker_task_spill_capable_node_count,48,48,0,0.0,48,48,1
m1,worker_task_plan_fingerprint_count,48,48,0,0.0,48,0,2
m1,worker_task_plan_fingerprint_dominant_share,48,48,0,0.0,48,0,2
m1,worker_task_region_task_count_cv,48,48,0,0.0,48,48,1
m1,worker_task_region_rows_cv,48,48,0,0.0,48,42,2
m1,worker_task_region_rows_max_share,48,48,0,0.0,48,0,2
m1,worker_task_region_scan_rows_cv,48,48,0,0.0,48,36,3
m1,worker_task_region_scan_rows_max_share,48,48,0,0.0,48,0,3
m1,worker_task_within_region_rows_cv_max,48,48,0,0.0,48,24,4
m1,worker_task_within_region_rows_cv_mean,48,48,0,0.0,48,24,4
m1,worker_task_within_region_rows_max_share_max,48,48,0,0.0,48,0,4
m1,worker_task_within_region_scan_rows_cv_max,48,48,0,0.0,48,24,4
m1,worker_task_within_region_scan_rows_cv_mean,48,48,0,0.0,48,24,4
m1,worker_task_within_region_scan_rows_max_share_max,48,48,0,0.0,48,0,4
m1,worker_task_within_region_plan_fingerprint_count_max,48,48,0,0.0,48,0,1
m1,worker_task_within_region_plan_fingerprint_count_mean,48,48,0,0.0,48,0,1
m1,main_node_type_count_Aggregate,48,48,0,0.0,48,0,3
m1,main_node_type_count_Append,48,48,0,0.0,48,0,1
m1,main_node_type_count_CTEScan,48,48,0,0.0,48,24,2
m1,main_node_type_count_ForeignScan,48,48,0,0.0,48,0,1
m1,main_node_type_count_Sort,48,48,0,0.0,48,0,2
m1,main_node_type_count_Limit,48,48,0,0.0,48,24,2
m1,main_node_type_count_SubqueryScan,48,48,0,0.0,48,24,3
m1,parent_child_type_count_Aggregate_Append,48,48,0,0.0,48,36,2
m1,parent_child_type_count_Aggregate_CTEScan,48,48,0,0.0,48,36,2
m1,parent_child_type_count_Aggregate_ForeignScan,48,48,0,0.0,48,24,2
m1,parent_child_type_count_Aggregate_Sort,48,48,0,0.0,48,12,2
m1,parent_child_type_count_Append_Aggregate,48,48,0,0.0,48,36,2
m1,parent_child_type_count_Append_ForeignScan,48,48,0,0.0,48,24,2
m1,parent_child_type_count_Append_SubqueryScan,48,48,0,0.0,48,36,2
m1,parent_child_type_count_Limit_Append,48,48,0,0.0,48,36,2
m1,parent_child_type_count_Limit_Sort,48,48,0,0.0,48,24,2
m1,parent_child_type_count_NestedLoop_FunctionScan,48,48,0,0.0,48,21,4
m1,parent_child_type_count_NestedLoop_SeqScan,48,48,0,0.0,48,21,4
m1,parent_child_type_count_Sort_Aggregate,48,48,0,0.0,48,24,2
m1,parent_child_type_count_Sort_Append,48,48,0,0.0,48,24,2
m1,parent_child_type_count_Sort_CTEScan,48,48,0,0.0,48,36,2
m1,parent_child_type_count_Sort_SubqueryScan,48,48,0,0.0,48,36,2
m1,parent_child_type_count_SubqueryScan_Aggregate,48,48,0,0.0,48,24,3
m1,worker_node_count_seq_scan,48,48,0,0.0,48,6,4
m1,worker_node_count_index_scan,48,48,0,0.0,48,48,1
m1,worker_node_count_index_only_scan,48,48,0,0.0,48,48,1
m1,worker_node_count_bitmap_heap_scan,48,48,0,0.0,48,36,3
m1,worker_node_count_bitmap_index_scan,48,48,0,0.0,48,36,3
m1,worker_node_count_hash_join,48,48,0,0.0,48,48,1
m1,worker_node_count_merge_join,48,48,0,0.0,48,48,1
m1,worker_node_count_nested_loop,48,48,0,0.0,48,48,1
m1,worker_node_count_sort,48,48,0,0.0,48,48,1
m1,worker_node_count_incremental_sort,48,48,0,0.0,48,48,1
m1,worker_node_count_hash_aggregate,48,48,0,0.0,48,48,1
m1,worker_node_count_group_aggregate,48,48,0,0.0,48,48,1
m1,worker_node_count_aggregate,48,48,0,0.0,48,48,1
m1,worker_node_count_materialize,48,48,0,0.0,48,48,1
m1,worker_node_count_memoize,48,48,0,0.0,48,48,1
m1,worker_node_count_other,48,48,0,0.0,48,48,1
