feature,source_column,source_table,feature_scope,feature_reliability,model_role,included_in_default_model,structural_feature,proxy_of,null_policy
main_plan_node_count,main_plan_node_count,"query_runs, plan_structure_features",execution,A,input,False,True,,missing_means_main_plan_parse_failed
main_plan_max_depth,main_plan_max_depth,"plan_nodes, plan_structure_features",execution,A,input,False,True,,missing_means_main_plan_parse_failed
main_plan_leaf_count,main_plan_leaf_count,plan_structure_features,execution,A,input,False,True,plan_tree_shape_complexity,missing_means_main_plan_parse_failed
main_plan_branch_node_count,main_plan_branch_node_count,plan_structure_features,execution,A,input,False,True,plan_tree_shape_complexity,missing_means_main_plan_parse_failed
main_plan_avg_branching_factor,main_plan_avg_branching_factor,plan_structure_features,execution,A,input,False,True,plan_tree_shape_complexity,missing_means_main_plan_parse_failed
main_plan_max_branching_factor,main_plan_max_branching_factor,plan_structure_features,execution,A,input,False,True,plan_tree_shape_complexity,missing_means_main_plan_parse_failed
remote_plan_leaf_count_sum,remote_plan_leaf_count_sum,plan_structure_features,execution,A,input,False,True,remote_plan_tree_shape_complexity,missing_means_no_remote_plan_nodes
remote_plan_avg_branching_factor,remote_plan_avg_branching_factor,plan_structure_features,execution,A,input,False,True,remote_plan_tree_shape_complexity,missing_means_no_remote_plan_nodes
aggregate_min_depth,aggregate_min_depth,plan_structure_features,execution,A,input,False,True,operator_depth,missing_operator_means_not_present
aggregate_max_depth,aggregate_max_depth,plan_structure_features,execution,A,input,False,True,operator_depth,missing_operator_means_not_present
sort_min_depth,sort_min_depth,plan_structure_features,execution,A,input,False,True,operator_depth,missing_operator_means_not_present
sort_max_depth,sort_max_depth,plan_structure_features,execution,A,input,False,True,operator_depth,missing_operator_means_not_present
join_min_depth,join_min_depth,plan_structure_features,execution,A,input,False,True,operator_depth,missing_operator_means_not_present
join_max_depth,join_max_depth,plan_structure_features,execution,A,input,False,True,operator_depth,missing_operator_means_not_present
foreign_scan_min_depth,foreign_scan_min_depth,plan_structure_features,execution,A,input,False,True,operator_depth,missing_operator_means_not_present
foreign_scan_max_depth,foreign_scan_max_depth,plan_structure_features,execution,A,input,False,True,operator_depth,missing_operator_means_not_present
custom_scan_min_depth,custom_scan_min_depth,plan_structure_features,execution,A,input,False,True,operator_depth,missing_operator_means_not_present
custom_scan_max_depth,custom_scan_max_depth,plan_structure_features,execution,A,input,False,True,operator_depth,missing_operator_means_not_present
aggregate_above_foreign_scan,aggregate_above_foreign_scan,plan_structure_features,execution,A,input,False,True,remote_local_boundary,false_means_no_main_aggregate_ancestor_of_foreign_scan
sort_above_foreign_scan,sort_above_foreign_scan,plan_structure_features,execution,A,input,False,True,remote_local_boundary,false_means_no_main_sort_ancestor_of_foreign_scan
limit_above_foreign_scan,limit_above_foreign_scan,plan_structure_features,execution,A,input,False,True,remote_local_boundary,false_means_no_main_limit_ancestor_of_foreign_scan
join_above_foreign_scan,join_above_foreign_scan,plan_structure_features,execution,A,input,False,True,remote_local_boundary,false_means_no_main_join_ancestor_of_foreign_scan
foreign_scan_under_aggregate,foreign_scan_under_aggregate,plan_structure_features,execution,A,input,False,True,remote_local_boundary,false_means_no_foreign_scan_under_main_aggregate
foreign_scan_under_sort,foreign_scan_under_sort,plan_structure_features,execution,A,input,False,True,remote_local_boundary,false_means_no_foreign_scan_under_main_sort
remote_aggregate_present,remote_aggregate_present,plan_structure_features,execution,A,input,False,True,remote_operator_presence,false_means_no_remote_aggregate_node
remote_sort_present,remote_sort_present,plan_structure_features,execution,A,input,False,True,remote_operator_presence,false_means_no_remote_sort_node
remote_join_present,remote_join_present,plan_structure_features,execution,A,input,False,True,remote_operator_presence,false_means_no_remote_join_node
main_finalize_after_remote,main_finalize_after_remote,plan_structure_features,execution,B,input,False,True,main_post_remote_finalization,false_means_no_main_aggregate_ancestor_of_foreign_scan
blocking_operator_count,blocking_operator_count,plan_structure_features,execution,A,input,False,True,blocking_operator_placement,missing_means_plan_structure_not_parsed
blocking_operator_min_depth,blocking_operator_min_depth,plan_structure_features,execution,A,input,False,True,blocking_operator_placement,missing_means_no_blocking_operator_or_plan_missing
blocking_operator_above_remote_count,blocking_operator_above_remote_count,plan_structure_features,execution,A,input,False,True,blocking_operator_placement,zero_means_no_blocking_operator_above_foreign_scan
blocking_operator_below_remote_count,blocking_operator_below_remote_count,plan_structure_features,execution,A,input,False,True,blocking_operator_placement,zero_means_no_blocking_operator_in_remote_scopes
first_blocking_operator_type,first_blocking_operator_type,plan_structure_features,execution,A,input,False,True,blocking_operator_placement,missing_means_no_blocking_operator_or_plan_missing
first_blocking_operator_depth,first_blocking_operator_depth,plan_structure_features,execution,A,input,False,True,blocking_operator_placement,missing_means_no_blocking_operator_or_plan_missing
dominant_time_node_type,dominant_time_node_type,plan_structure_features,execution,B,input,False,True,simple_plan_critical_path,missing_means_actual_time_not_available
dominant_time_node_depth,dominant_time_node_depth,plan_structure_features,execution,B,input,False,True,simple_plan_critical_path,missing_means_actual_time_not_available
dominant_time_node_actual_time_share,dominant_time_node_actual_time_share,plan_structure_features,execution,B,input,False,True,simple_plan_critical_path,missing_means_actual_time_not_available
dominant_rows_node_type,dominant_rows_node_type,plan_structure_features,execution,B,input,False,True,simple_plan_critical_path,missing_means_actual_rows_not_available
dominant_rows_node_depth,dominant_rows_node_depth,plan_structure_features,execution,B,input,False,True,simple_plan_critical_path,missing_means_actual_rows_not_available
dominant_rows_node_row_share,dominant_rows_node_row_share,plan_structure_features,execution,B,input,False,True,simple_plan_critical_path,missing_means_actual_rows_not_available
main_root_actual_total_time_ms,main_root_actual_total_time_ms,plan_nodes,execution,A,input,True,,,missing_means_root_time_not_in_plan
main_root_actual_rows,main_root_actual_rows,plan_nodes,execution,A,input,True,,,missing_means_root_rows_not_in_plan
main_root_plan_rows,main_root_plan_rows,plan_nodes,execution,A,input,True,,,missing_means_root_plan_rows_not_in_plan
main_total_cost,main_total_cost,plan_nodes,execution,A,input,True,,,missing_means_root_cost_not_in_plan
has_foreign_scan,main_has_foreign_scan,query_runs,execution,A,input,True,,main_has_foreign_scan,missing_means_main_plan_parse_failed
has_custom_scan,has_custom_scan,plan_nodes,execution,A,input,True,,,missing_means_derived_feature_not_materialized
has_join,has_join,plan_nodes,execution,A,input,True,,,missing_means_derived_feature_not_materialized
has_sort,has_sort,plan_nodes,execution,A,input,True,,,missing_means_derived_feature_not_materialized
has_hash,has_hash,plan_nodes,execution,A,input,True,,,missing_means_derived_feature_not_materialized
has_aggregate,has_aggregate,plan_nodes,execution,A,input,True,,,missing_means_derived_feature_not_materialized
has_limit,has_limit,plan_nodes,execution,A,input,True,,,missing_means_derived_feature_not_materialized
has_materialize,has_materialize,plan_nodes,execution,A,input,True,,,missing_means_derived_feature_not_materialized
join_node_count,join_node_count,plan_nodes,execution,A,input,True,,,zero_is_valid_after_plan_parse
hash_join_count,hash_join_count,plan_nodes,execution,A,input,True,,,zero_is_valid_after_plan_parse
merge_join_count,merge_join_count,plan_nodes,execution,A,input,True,,,zero_is_valid_after_plan_parse
nested_loop_count,nested_loop_count,plan_nodes,execution,A,input,True,,,zero_is_valid_after_plan_parse
remote_path_share,remote_path_share,plan_nodes,execution,A,input,True,,,missing_means_no_foreign_scan_or_missing_timing
fdw_remote_sql_count,fdw_remote_sql_count,query_runs,execution,A,input,True,,,zero_is_valid_when_probe_ran
fdw_remote_plan_count,fdw_remote_plan_count,fdw_remote_plans,execution,A,input,True,,,zero_is_valid_when_probe_ran
remote_region_actual_rows_sum,remote_region_actual_rows_sum,region_fragments,execution,A,input,True,,regional_remote_output_rows_sum,missing_means_no_remote_region_rows
remote_region_actual_rows_cv,remote_region_actual_rows_cv,region_fragments,execution,A,input,True,,regional_remote_output_row_imbalance,missing_means_no_remote_region_rows
remote_region_actual_rows_max_share,remote_region_actual_rows_max_share,region_fragments,execution,A,input,True,,regional_remote_output_row_imbalance,missing_means_no_remote_region_rows
remote_region_actual_rows_min_max_ratio,remote_region_actual_rows_min_max_ratio,region_fragments,execution,A,input,True,,regional_remote_output_row_balance,missing_means_no_remote_region_rows
remote_region_actual_rows_active_share,remote_region_actual_rows_active_share,region_fragments,execution,A,input,True,,regional_remote_output_active_region_share,missing_means_no_remote_region_rows
remote_region_zero_row_count,remote_region_zero_row_count,region_fragments,execution,A,input,True,,remote_region_zero_output_presence,zero_is_valid_when_remote_region_rows_available
remote_region_nonzero_count,remote_region_nonzero_count,region_fragments,execution,A,input,True,,remote_region_nonzero_output_presence,zero_is_valid_when_remote_region_rows_available
remote_region_tuple_bytes_sum,remote_region_tuple_bytes_sum,region_fragments,execution,B,input,True,,regional_remote_tuple_bytes_or_rows_width_proxy,missing_means_no_remote_region_tuple_bytes
remote_region_tuple_bytes_cv,remote_region_tuple_bytes_cv,region_fragments,execution,B,input,True,,regional_remote_tuple_bytes_imbalance,missing_means_no_remote_region_tuple_bytes
remote_region_tuple_bytes_max_share,remote_region_tuple_bytes_max_share,region_fragments,execution,B,input,True,,regional_remote_tuple_bytes_imbalance,missing_means_no_remote_region_tuple_bytes
remote_region_tuple_bytes_min_max_ratio,remote_region_tuple_bytes_min_max_ratio,region_fragments,execution,B,input,True,,regional_remote_tuple_bytes_balance,missing_means_no_remote_region_tuple_bytes
remote_region_tuple_bytes_active_share,remote_region_tuple_bytes_active_share,region_fragments,execution,B,input,True,,regional_remote_tuple_bytes_active_region_share,missing_means_no_remote_region_tuple_bytes
remote_region_task_count_sum,remote_region_task_count_sum,region_fragments,execution,B,input,True,,regional_citus_task_count_sum,missing_means_no_remote_region_task_count
remote_region_task_count_cv,remote_region_task_count_cv,region_fragments,execution,B,input,True,,regional_citus_task_count_imbalance,missing_means_no_remote_region_task_count
remote_region_task_count_max_share,remote_region_task_count_max_share,region_fragments,execution,B,input,True,,regional_citus_task_count_imbalance,missing_means_no_remote_region_task_count
remote_region_task_count_min_max_ratio,remote_region_task_count_min_max_ratio,region_fragments,execution,B,input,True,,regional_citus_task_count_balance,missing_means_no_remote_region_task_count
remote_region_task_count_active_share,remote_region_task_count_active_share,region_fragments,execution,B,input,True,,regional_citus_task_active_region_share,missing_means_no_remote_region_task_count
remote_region_plan_fingerprint_count,remote_region_plan_fingerprint_count,region_fragments,execution,A,input,True,,regional_remote_plan_diversity,missing_means_no_remote_region_plan_fingerprint
remote_region_dominant_plan_fingerprint_share,remote_region_dominant_plan_fingerprint_share,region_fragments,execution,A,input,True,,regional_remote_plan_diversity,missing_means_no_remote_region_plan_fingerprint
remote_plan_node_count_sum,remote_plan_node_count_sum,fdw_remote_plans,execution,A,input,True,,,missing_means_remote_plan_probe_missing
remote_plan_max_depth,remote_plan_max_depth,plan_nodes,execution,A,input,True,,,missing_means_no_remote_plan_nodes
remote_has_custom_scan,remote_has_custom_scan,plan_nodes,execution,A,input,True,,,missing_means_no_remote_plan_nodes
remote_has_sort,remote_has_sort,plan_nodes,execution,A,input,True,,,missing_means_no_remote_plan_nodes
remote_has_hash_join,remote_has_hash_join,plan_nodes,execution,A,input,True,,,missing_means_no_remote_plan_nodes
remote_actual_rows_sum,remote_actual_rows_sum,plan_nodes,execution,A,input,True,,,missing_means_no_remote_actual_rows
global_fanin_ratio,global_fanin_ratio,plan_nodes,execution,B,input,True,,global_fanin_rows_over_final_rows,missing_only_when_fanin_or_final_rows_unavailable_zero_final_rows_use_denominator_floor_1
remote_to_final_rows_ratio,remote_to_final_rows_ratio,plan_nodes,execution,B,input,True,,remote_root_rows_over_final_rows,missing_only_when_remote_or_final_rows_unavailable_zero_final_rows_use_denominator_floor_1
finalize_share,finalize_share,plan_nodes,execution,B,input,True,,local_or_root_time_minus_remote_path_time,missing_means_plan_timing_not_sufficient
drf_bytes_proxy,drf_bytes_proxy,query_runs,execution,B,input,True,,regional_reduction_input_bytes_over_wan_output_bytes_proxy,missing_means_rows_or_width_missing
wan_output_rows,wan_output_rows,region_fragments,execution,B,input,True,,remote_output_rows_to_gac_or_coordinator,missing_means_no_remote_or_fanin_rows
wan_output_bytes_proxy,wan_output_bytes_proxy,region_fragments,execution,B,input,True,,remote_output_rows_times_plan_width_proxy,missing_means_no_remote_tuple_bytes
regional_reduction_input_rows_proxy,regional_reduction_input_rows_proxy,worker_task_fragments,execution,B,input,True,,rows_read_or_emitted_inside_regional_worker_tasks_before_wan_output,missing_means_worker_task_or_remote_rows_not_parsed
regional_reduction_input_bytes_proxy,regional_reduction_input_bytes_proxy,worker_task_fragments,execution,C,input,True,,regional_reduction_input_rows_times_wan_row_width_proxy,missing_means_worker_task_rows_or_width_proxy_missing
drf_rows_proxy,drf_rows_proxy,worker_task_fragments,execution,B,input,True,,regional_reduction_input_rows_over_wan_output_rows_proxy,missing_means_regional_input_or_wan_output_missing
wan_output_to_final_rows_ratio,wan_output_to_final_rows_ratio,plan_nodes,execution,B,input,True,,wan_output_rows_over_final_rows,missing_only_when_wan_or_final_rows_unavailable_zero_final_rows_use_denominator_floor_1
global_group_count_proxy,global_group_count_proxy,plan_nodes,execution,B,input,True,,final_rows_as_global_group_count_proxy,missing_means_final_rows_missing
global_group_density,global_group_density,plan_nodes,execution,B,input,True,,final_rows_over_wan_output_rows,missing_means_wan_or_final_rows_missing
global_group_merge_ratio,global_group_merge_ratio,plan_nodes,execution,B,input,True,,wan_output_rows_over_final_rows,missing_only_when_wan_or_final_rows_unavailable_zero_final_rows_use_denominator_floor_1
task_count_to_shard_count_ratio,task_count_to_shard_count_ratio,"citus_explain_tasks, dataset_profile",execution,B,input,True,,task_count_over_configured_shard_count,missing_means_task_count_or_shard_count_missing
task_count_to_configured_region_shard_slots_ratio,task_count_to_configured_region_shard_slots_ratio,"citus_explain_tasks, dataset_profile, topology_metadata",execution,B,input,True,,task_count_over_configured_regions_times_shards,missing_means_task_count_or_topology_missing
task_count_to_observed_region_shard_slots_ratio,task_count_to_observed_region_shard_slots_ratio,"citus_explain_tasks, dataset_profile, region_fragments",execution,B,input,True,,task_count_over_observed_regions_times_shards,missing_means_task_count_or_observed_region_context_missing
active_task_share,active_task_share,"citus_explain_tasks, dataset_profile, region_fragments",execution,B,input,True,,task_count_to_observed_region_shard_slots_ratio,missing_means_task_count_or_observed_region_context_missing
tasks_per_worker_ratio,tasks_per_worker_ratio,"citus_explain_tasks, topology_metadata",execution,B,input,True,,task_count_over_configured_worker_count_total,missing_means_task_count_or_worker_count_missing
temp_bytes_to_wan_bytes_ratio,temp_bytes_to_wan_bytes_ratio,"plan_nodes, region_fragments",execution,B,input,True,,temp_blocks_sum_times_block_size_over_wan_output_bytes_proxy,missing_means_no_temp_or_wan_bytes_context
temp_blocks_per_wan_row,temp_blocks_per_wan_row,"plan_nodes, region_fragments",execution,B,input,True,,temp_blocks_sum_over_wan_output_rows,missing_means_no_temp_or_wan_row_context
temp_blocks_per_final_row,temp_blocks_per_final_row,plan_nodes,execution,B,input,True,,temp_blocks_sum_over_final_rows,missing_means_no_temp_or_final_row_context
temp_blocks_per_regional_input_row,temp_blocks_per_regional_input_row,"plan_nodes, worker_task_fragments",execution,B,input,True,,temp_blocks_sum_over_regional_reduction_input_rows_proxy,missing_means_no_temp_or_regional_input_context
spill_per_wan_mb,spill_per_wan_mb,"plan_nodes, region_fragments",execution,B,input,True,,temp_blocks_sum_over_wan_output_mebibytes_proxy,missing_means_no_temp_or_wan_bytes_context
root_rows_estimate_error_log,root_rows_estimate_error_log,plan_nodes,execution,A,input,True,,,missing_means_actual_or_plan_rows_missing
rows_estimate_error_max_abs_log,rows_estimate_error_max_abs_log,plan_nodes,execution,A,input,True,,,missing_means_actual_or_plan_rows_missing
rows_estimate_error_mean_abs_log,rows_estimate_error_mean_abs_log,plan_nodes,execution,A,input,True,,,missing_means_actual_or_plan_rows_missing
foreign_scan_rows_estimate_error_log,foreign_scan_rows_estimate_error_log,query_runs,execution,A,input,True,,,missing_means_no_foreign_scan_or_rows_missing
aggregate_rows_estimate_error_log,aggregate_rows_estimate_error_log,query_runs,execution,A,input,True,,,missing_means_no_aggregate_or_rows_missing
join_rows_estimate_error_log,join_rows_estimate_error_log,query_runs,execution,A,input,True,,,missing_means_no_join_or_rows_missing
sort_rows_estimate_error_log,sort_rows_estimate_error_log,query_runs,execution,A,input,True,,,missing_means_no_sort_or_rows_missing
remote_root_rows_estimate_error_log,remote_root_rows_estimate_error_log,query_runs,execution,A,input,True,,,missing_means_no_remote_root_rows
temp_blocks_sum,temp_blocks_sum,plan_nodes,execution,A,input,True,,temp_read_blocks_plus_temp_written_blocks,missing_means_temp_blocks_not_reported
spill_flag,spill_flag,plan_nodes,execution,A,input,True,,temp_blocks_or_external_sort_or_hash_batches,missing_means_spill_not_observed_in_plan
external_sort_count,external_sort_count,plan_nodes,execution,A,input,True,,,zero_is_valid_after_plan_parse
sort_space_used_max,sort_space_used_max,plan_nodes,execution,A,input,True,,,missing_means_sort_space_not_reported
hash_batches_max,hash_batches_max,plan_nodes,execution,A,input,True,,,missing_means_hash_batches_not_reported
memory_pressure_score_v1,memory_pressure_score_v1,plan_nodes,execution,B,input,True,,spill_sort_hash_pressure_score,missing_means_memory_pressure_proxy_not_computable
task_count,task_count,citus_explain_tasks,execution,B,input,True,,,missing_means_citus_tasks_not_exposed
citus_map_merge_job_count,citus_map_merge_job_count,query_runs,execution,A,input,True,,citus_repartition_or_map_merge_execution,missing_means_text_explain_not_available
citus_repartition_query,citus_repartition_query,query_runs,execution,A,input,True,,citus_repartition_execution,missing_means_text_explain_not_available
worker_task_plan_count,worker_task_plan_count,worker_task_fragments,execution,B,input,True,,parsed_worker_task_plan_count,missing_means_worker_task_plan_summary_not_enabled
worker_task_actual_rows_sum,worker_task_actual_rows_sum,worker_task_fragments,execution,B,input,True,,worker_task_root_actual_rows_sum,missing_means_worker_task_rows_not_parsed
worker_task_actual_rows_cv,worker_task_actual_rows_cv,worker_task_fragments,execution,B,input,True,,worker_task_row_imbalance,missing_means_worker_task_rows_not_parsed
worker_task_actual_rows_max_share,worker_task_actual_rows_max_share,worker_task_fragments,execution,B,input,True,,worker_task_row_imbalance,missing_means_worker_task_rows_not_parsed
worker_task_scan_actual_rows_sum,worker_task_scan_actual_rows_sum,worker_task_fragments,execution,B,input,True,,worker_task_scan_pressure,missing_means_worker_task_scan_rows_not_parsed
worker_task_scan_actual_rows_cv,worker_task_scan_actual_rows_cv,worker_task_fragments,execution,B,input,True,,worker_task_scan_row_imbalance,missing_means_worker_task_scan_rows_not_parsed
worker_task_scan_actual_rows_max_share,worker_task_scan_actual_rows_max_share,worker_task_fragments,execution,B,input,True,,worker_task_scan_row_imbalance,missing_means_worker_task_scan_rows_not_parsed
remote_region_rows_isf,remote_region_rows_isf,region_fragments,execution,B,input,True,,max_remote_region_rows_over_mean_remote_region_rows,missing_means_remote_region_rows_not_parsed
remote_region_bytes_isf,remote_region_bytes_isf,region_fragments,execution,C,input,True,,max_remote_region_bytes_over_mean_remote_region_bytes,missing_means_remote_region_bytes_not_parsed
worker_task_scan_rows_isf,worker_task_scan_rows_isf,worker_task_fragments,execution,B,input,True,,max_worker_task_scan_rows_over_mean_worker_task_scan_rows,missing_means_worker_task_scan_rows_not_parsed
worker_task_root_rows_isf,worker_task_root_rows_isf,worker_task_fragments,execution,B,input,True,,max_worker_task_root_rows_over_mean_worker_task_root_rows,missing_means_worker_task_root_rows_not_parsed
worker_task_within_region_scan_rows_isf_max,worker_task_within_region_scan_rows_isf_max,worker_task_fragments,execution,C,input,True,,max_within_region_task_scan_rows_over_mean_within_region_task_scan_rows,missing_means_worker_task_scan_rows_not_parsed
worker_task_index_scan_share,worker_task_index_scan_share,worker_task_fragments,execution,B,input,True,,worker_task_scan_strategy,missing_means_worker_task_scan_types_not_parsed
worker_task_seq_scan_share,worker_task_seq_scan_share,worker_task_fragments,execution,B,input,True,,worker_task_scan_strategy,missing_means_worker_task_scan_types_not_parsed
worker_task_bitmap_scan_share,worker_task_bitmap_scan_share,worker_task_fragments,execution,B,input,True,,worker_task_scan_strategy,missing_means_worker_task_scan_types_not_parsed
worker_task_node_count_sum,worker_task_node_count_sum,worker_task_fragments,execution,B,input,True,,worker_task_plan_complexity,missing_means_worker_task_plan_not_parsed
worker_task_plan_max_depth_max,worker_task_plan_max_depth_max,worker_task_fragments,execution,B,input,True,,worker_task_plan_complexity,missing_means_worker_task_plan_not_parsed
worker_task_plan_max_depth_mean,worker_task_plan_max_depth_mean,worker_task_fragments,execution,B,input,True,,worker_task_plan_complexity,missing_means_worker_task_plan_not_parsed
worker_task_join_node_count,worker_task_join_node_count,worker_task_fragments,execution,B,input,True,,worker_task_operator_class_count,zero_is_valid_after_worker_task_parse
worker_task_aggregate_node_count,worker_task_aggregate_node_count,worker_task_fragments,execution,B,input,True,,worker_task_operator_class_count,zero_is_valid_after_worker_task_parse
worker_task_sort_node_count,worker_task_sort_node_count,worker_task_fragments,execution,B,input,True,,worker_task_operator_class_count,zero_is_valid_after_worker_task_parse
worker_task_blocking_node_count,worker_task_blocking_node_count,worker_task_fragments,execution,B,input,True,,worker_task_blocking_operator_count,zero_is_valid_after_worker_task_parse
worker_task_scan_node_count,worker_task_scan_node_count,worker_task_fragments,execution,B,input,True,,worker_task_operator_class_count,zero_is_valid_after_worker_task_parse
worker_task_materialization_node_count,worker_task_materialization_node_count,worker_task_fragments,execution,B,input,True,,worker_task_operator_class_count,zero_is_valid_after_worker_task_parse
worker_task_parallel_node_count,worker_task_parallel_node_count,worker_task_fragments,execution,B,input,True,,worker_task_operator_class_count,zero_is_valid_after_worker_task_parse
worker_task_bitmap_node_count,worker_task_bitmap_node_count,worker_task_fragments,execution,B,input,True,,worker_task_operator_class_count,zero_is_valid_after_worker_task_parse
worker_task_index_access_node_count,worker_task_index_access_node_count,worker_task_fragments,execution,B,input,True,,worker_task_operator_class_count,zero_is_valid_after_worker_task_parse
worker_task_sequential_access_node_count,worker_task_sequential_access_node_count,worker_task_fragments,execution,B,input,True,,worker_task_operator_class_count,zero_is_valid_after_worker_task_parse
worker_task_spill_capable_node_count,worker_task_spill_capable_node_count,worker_task_fragments,execution,B,input,True,,worker_task_operator_class_count,zero_is_valid_after_worker_task_parse
worker_task_plan_fingerprint_count,worker_task_plan_fingerprint_count,worker_task_fragments,execution,B,input,True,,worker_task_plan_diversity,missing_means_worker_task_plan_fingerprint_not_parsed
worker_task_plan_fingerprint_dominant_share,worker_task_plan_fingerprint_dominant_share,worker_task_fragments,execution,B,input,True,,worker_task_plan_diversity,missing_means_worker_task_plan_fingerprint_not_parsed
worker_task_region_task_count_cv,worker_task_region_task_count_cv,worker_task_fragments,execution,B,input,True,,worker_task_count_imbalance_across_regions,missing_means_worker_task_region_groups_not_parsed
worker_task_region_rows_cv,worker_task_region_rows_cv,worker_task_fragments,execution,B,input,True,,worker_task_row_imbalance_across_regions,missing_means_worker_task_region_rows_not_parsed
worker_task_region_rows_max_share,worker_task_region_rows_max_share,worker_task_fragments,execution,B,input,True,,worker_task_row_imbalance_across_regions,missing_means_worker_task_region_rows_not_parsed
worker_task_region_scan_rows_cv,worker_task_region_scan_rows_cv,worker_task_fragments,execution,B,input,True,,worker_task_scan_row_imbalance_across_regions,missing_means_worker_task_region_scan_rows_not_parsed
worker_task_region_scan_rows_max_share,worker_task_region_scan_rows_max_share,worker_task_fragments,execution,B,input,True,,worker_task_scan_row_imbalance_across_regions,missing_means_worker_task_region_scan_rows_not_parsed
worker_task_within_region_rows_cv_max,worker_task_within_region_rows_cv_max,worker_task_fragments,execution,B,input,True,,max_intra_region_worker_task_row_skew,missing_means_worker_task_region_rows_not_parsed
worker_task_within_region_rows_cv_mean,worker_task_within_region_rows_cv_mean,worker_task_fragments,execution,B,input,True,,mean_intra_region_worker_task_row_skew,missing_means_worker_task_region_rows_not_parsed
worker_task_within_region_rows_max_share_max,worker_task_within_region_rows_max_share_max,worker_task_fragments,execution,B,input,True,,max_intra_region_worker_task_row_dominance,missing_means_worker_task_region_rows_not_parsed
worker_task_within_region_scan_rows_cv_max,worker_task_within_region_scan_rows_cv_max,worker_task_fragments,execution,B,input,True,,max_intra_region_worker_task_scan_row_skew,missing_means_worker_task_region_scan_rows_not_parsed
worker_task_within_region_scan_rows_cv_mean,worker_task_within_region_scan_rows_cv_mean,worker_task_fragments,execution,B,input,True,,mean_intra_region_worker_task_scan_row_skew,missing_means_worker_task_region_scan_rows_not_parsed
worker_task_within_region_scan_rows_max_share_max,worker_task_within_region_scan_rows_max_share_max,worker_task_fragments,execution,B,input,True,,max_intra_region_worker_task_scan_row_dominance,missing_means_worker_task_region_scan_rows_not_parsed
worker_task_within_region_plan_fingerprint_count_max,worker_task_within_region_plan_fingerprint_count_max,worker_task_fragments,execution,B,input,True,,max_intra_region_worker_plan_diversity,missing_means_worker_task_plan_fingerprint_not_parsed
worker_task_within_region_plan_fingerprint_count_mean,worker_task_within_region_plan_fingerprint_count_mean,worker_task_fragments,execution,B,input,True,,mean_intra_region_worker_plan_diversity,missing_means_worker_task_plan_fingerprint_not_parsed
main_node_type_count_Aggregate,main_node_type_count_Aggregate,plan_nodes,execution,A,input,True,,,missing_node_type_count_means_zero_after_plan_parse
main_node_type_count_Limit,main_node_type_count_Limit,plan_nodes,execution,A,input,True,,,missing_node_type_count_means_zero_after_plan_parse
main_node_type_count_SeqScan,main_node_type_count_SeqScan,plan_nodes,execution,A,input,True,,,missing_node_type_count_means_zero_after_plan_parse
main_node_type_count_Sort,main_node_type_count_Sort,plan_nodes,execution,A,input,True,,,missing_node_type_count_means_zero_after_plan_parse
main_node_type_count_ForeignScan,main_node_type_count_ForeignScan,plan_nodes,execution,A,input,True,,,missing_node_type_count_means_zero_after_plan_parse
main_node_type_count_Hash,main_node_type_count_Hash,plan_nodes,execution,A,input,True,,,missing_node_type_count_means_zero_after_plan_parse
main_node_type_count_HashJoin,main_node_type_count_HashJoin,plan_nodes,execution,A,input,True,,,missing_node_type_count_means_zero_after_plan_parse
main_node_type_count_IncrementalSort,main_node_type_count_IncrementalSort,plan_nodes,execution,A,input,True,,,missing_node_type_count_means_zero_after_plan_parse
main_node_type_count_MergeAppend,main_node_type_count_MergeAppend,plan_nodes,execution,A,input,True,,,missing_node_type_count_means_zero_after_plan_parse
main_node_type_count_SubqueryScan,main_node_type_count_SubqueryScan,plan_nodes,execution,A,input,True,,,missing_node_type_count_means_zero_after_plan_parse
main_node_type_count_Append,main_node_type_count_Append,plan_nodes,execution,A,input,True,,,missing_node_type_count_means_zero_after_plan_parse
main_node_type_count_MergeJoin,main_node_type_count_MergeJoin,plan_nodes,execution,A,input,True,,,missing_node_type_count_means_zero_after_plan_parse
main_node_type_count_CustomScan,main_node_type_count_CustomScan,plan_nodes,execution,A,input,True,,,missing_node_type_count_means_zero_after_plan_parse
parent_child_type_count_Aggregate_Append,parent_child_type_count_Aggregate_Append,plan_structure_features,execution,A,input,False,True,plan_parent_child_transition_count,missing_transition_count_means_zero_after_plan_parse
parent_child_type_count_Aggregate_CustomScan,parent_child_type_count_Aggregate_CustomScan,plan_structure_features,execution,A,input,False,True,plan_parent_child_transition_count,missing_transition_count_means_zero_after_plan_parse
parent_child_type_count_Aggregate_ForeignScan,parent_child_type_count_Aggregate_ForeignScan,plan_structure_features,execution,A,input,False,True,plan_parent_child_transition_count,missing_transition_count_means_zero_after_plan_parse
parent_child_type_count_Aggregate_IncrementalSort,parent_child_type_count_Aggregate_IncrementalSort,plan_structure_features,execution,A,input,False,True,plan_parent_child_transition_count,missing_transition_count_means_zero_after_plan_parse
parent_child_type_count_Aggregate_SeqScan,parent_child_type_count_Aggregate_SeqScan,plan_structure_features,execution,A,input,False,True,plan_parent_child_transition_count,missing_transition_count_means_zero_after_plan_parse
parent_child_type_count_Aggregate_Sort,parent_child_type_count_Aggregate_Sort,plan_structure_features,execution,A,input,False,True,plan_parent_child_transition_count,missing_transition_count_means_zero_after_plan_parse
parent_child_type_count_Append_Aggregate,parent_child_type_count_Append_Aggregate,plan_structure_features,execution,A,input,False,True,plan_parent_child_transition_count,missing_transition_count_means_zero_after_plan_parse
parent_child_type_count_Append_ForeignScan,parent_child_type_count_Append_ForeignScan,plan_structure_features,execution,A,input,False,True,plan_parent_child_transition_count,missing_transition_count_means_zero_after_plan_parse
parent_child_type_count_Append_SubqueryScan,parent_child_type_count_Append_SubqueryScan,plan_structure_features,execution,A,input,False,True,plan_parent_child_transition_count,missing_transition_count_means_zero_after_plan_parse
parent_child_type_count_HashJoin_ForeignScan,parent_child_type_count_HashJoin_ForeignScan,plan_structure_features,execution,A,input,False,True,plan_parent_child_transition_count,missing_transition_count_means_zero_after_plan_parse
parent_child_type_count_HashJoin_Hash,parent_child_type_count_HashJoin_Hash,plan_structure_features,execution,A,input,False,True,plan_parent_child_transition_count,missing_transition_count_means_zero_after_plan_parse
parent_child_type_count_Hash_ForeignScan,parent_child_type_count_Hash_ForeignScan,plan_structure_features,execution,A,input,False,True,plan_parent_child_transition_count,missing_transition_count_means_zero_after_plan_parse
parent_child_type_count_IncrementalSort_Aggregate,parent_child_type_count_IncrementalSort_Aggregate,plan_structure_features,execution,A,input,False,True,plan_parent_child_transition_count,missing_transition_count_means_zero_after_plan_parse
parent_child_type_count_IncrementalSort_MergeAppend,parent_child_type_count_IncrementalSort_MergeAppend,plan_structure_features,execution,A,input,False,True,plan_parent_child_transition_count,missing_transition_count_means_zero_after_plan_parse
parent_child_type_count_Limit_ForeignScan,parent_child_type_count_Limit_ForeignScan,plan_structure_features,execution,A,input,False,True,plan_parent_child_transition_count,missing_transition_count_means_zero_after_plan_parse
parent_child_type_count_Limit_IncrementalSort,parent_child_type_count_Limit_IncrementalSort,plan_structure_features,execution,A,input,False,True,plan_parent_child_transition_count,missing_transition_count_means_zero_after_plan_parse
parent_child_type_count_Limit_Sort,parent_child_type_count_Limit_Sort,plan_structure_features,execution,A,input,False,True,plan_parent_child_transition_count,missing_transition_count_means_zero_after_plan_parse
parent_child_type_count_MergeAppend_SubqueryScan,parent_child_type_count_MergeAppend_SubqueryScan,plan_structure_features,execution,A,input,False,True,plan_parent_child_transition_count,missing_transition_count_means_zero_after_plan_parse
parent_child_type_count_MergeJoin_Sort,parent_child_type_count_MergeJoin_Sort,plan_structure_features,execution,A,input,False,True,plan_parent_child_transition_count,missing_transition_count_means_zero_after_plan_parse
parent_child_type_count_NestedLoop_FunctionScan,parent_child_type_count_NestedLoop_FunctionScan,plan_structure_features,execution,A,input,False,True,plan_parent_child_transition_count,missing_transition_count_means_zero_after_plan_parse
parent_child_type_count_NestedLoop_SeqScan,parent_child_type_count_NestedLoop_SeqScan,plan_structure_features,execution,A,input,False,True,plan_parent_child_transition_count,missing_transition_count_means_zero_after_plan_parse
parent_child_type_count_Sort_Aggregate,parent_child_type_count_Sort_Aggregate,plan_structure_features,execution,A,input,False,True,plan_parent_child_transition_count,missing_transition_count_means_zero_after_plan_parse
parent_child_type_count_Sort_Append,parent_child_type_count_Sort_Append,plan_structure_features,execution,A,input,False,True,plan_parent_child_transition_count,missing_transition_count_means_zero_after_plan_parse
parent_child_type_count_Sort_CustomScan,parent_child_type_count_Sort_CustomScan,plan_structure_features,execution,A,input,False,True,plan_parent_child_transition_count,missing_transition_count_means_zero_after_plan_parse
parent_child_type_count_Sort_ForeignScan,parent_child_type_count_Sort_ForeignScan,plan_structure_features,execution,A,input,False,True,plan_parent_child_transition_count,missing_transition_count_means_zero_after_plan_parse
parent_child_type_count_Sort_HashJoin,parent_child_type_count_Sort_HashJoin,plan_structure_features,execution,A,input,False,True,plan_parent_child_transition_count,missing_transition_count_means_zero_after_plan_parse
parent_child_type_count_Sort_MergeJoin,parent_child_type_count_Sort_MergeJoin,plan_structure_features,execution,A,input,False,True,plan_parent_child_transition_count,missing_transition_count_means_zero_after_plan_parse
parent_child_type_count_SubqueryScan_Aggregate,parent_child_type_count_SubqueryScan_Aggregate,plan_structure_features,execution,A,input,False,True,plan_parent_child_transition_count,missing_transition_count_means_zero_after_plan_parse
parent_child_type_count_SubqueryScan_ForeignScan,parent_child_type_count_SubqueryScan_ForeignScan,plan_structure_features,execution,A,input,False,True,plan_parent_child_transition_count,missing_transition_count_means_zero_after_plan_parse
parent_child_type_count_Aggregate_BitmapHeapScan,parent_child_type_count_Aggregate_BitmapHeapScan,plan_structure_features,execution,A,input,False,True,plan_parent_child_transition_count,missing_transition_count_means_zero_after_plan_parse
parent_child_type_count_BitmapHeapScan_BitmapIndexScan,parent_child_type_count_BitmapHeapScan_BitmapIndexScan,plan_structure_features,execution,A,input,False,True,plan_parent_child_transition_count,missing_transition_count_means_zero_after_plan_parse
parent_child_type_count_HashJoin_BitmapHeapScan,parent_child_type_count_HashJoin_BitmapHeapScan,plan_structure_features,execution,A,input,False,True,plan_parent_child_transition_count,missing_transition_count_means_zero_after_plan_parse
parent_child_type_count_Hash_SeqScan,parent_child_type_count_Hash_SeqScan,plan_structure_features,execution,A,input,False,True,plan_parent_child_transition_count,missing_transition_count_means_zero_after_plan_parse
parent_child_type_count_Hash_HashJoin,parent_child_type_count_Hash_HashJoin,plan_structure_features,execution,A,input,False,True,plan_parent_child_transition_count,missing_transition_count_means_zero_after_plan_parse
worker_node_count_seq_scan,worker_node_count_seq_scan,worker_task_fragments,execution,B,input,True,,worker_task_node_type_histogram,zero_is_valid_after_worker_task_parse
worker_node_count_index_scan,worker_node_count_index_scan,worker_task_fragments,execution,B,input,True,,worker_task_node_type_histogram,zero_is_valid_after_worker_task_parse
worker_node_count_index_only_scan,worker_node_count_index_only_scan,worker_task_fragments,execution,B,input,True,,worker_task_node_type_histogram,zero_is_valid_after_worker_task_parse
worker_node_count_bitmap_heap_scan,worker_node_count_bitmap_heap_scan,worker_task_fragments,execution,B,input,True,,worker_task_node_type_histogram,zero_is_valid_after_worker_task_parse
worker_node_count_bitmap_index_scan,worker_node_count_bitmap_index_scan,worker_task_fragments,execution,B,input,True,,worker_task_node_type_histogram,zero_is_valid_after_worker_task_parse
worker_node_count_hash_join,worker_node_count_hash_join,worker_task_fragments,execution,B,input,True,,worker_task_node_type_histogram,zero_is_valid_after_worker_task_parse
worker_node_count_merge_join,worker_node_count_merge_join,worker_task_fragments,execution,B,input,True,,worker_task_node_type_histogram,zero_is_valid_after_worker_task_parse
worker_node_count_nested_loop,worker_node_count_nested_loop,worker_task_fragments,execution,B,input,True,,worker_task_node_type_histogram,zero_is_valid_after_worker_task_parse
worker_node_count_sort,worker_node_count_sort,worker_task_fragments,execution,B,input,True,,worker_task_node_type_histogram,zero_is_valid_after_worker_task_parse
worker_node_count_incremental_sort,worker_node_count_incremental_sort,worker_task_fragments,execution,B,input,True,,worker_task_node_type_histogram,zero_is_valid_after_worker_task_parse
worker_node_count_hash_aggregate,worker_node_count_hash_aggregate,worker_task_fragments,execution,B,input,True,,worker_task_node_type_histogram,zero_is_valid_after_worker_task_parse
worker_node_count_group_aggregate,worker_node_count_group_aggregate,worker_task_fragments,execution,B,input,True,,worker_task_node_type_histogram,zero_is_valid_after_worker_task_parse
worker_node_count_aggregate,worker_node_count_aggregate,worker_task_fragments,execution,B,input,True,,worker_task_node_type_histogram,zero_is_valid_after_worker_task_parse
worker_node_count_materialize,worker_node_count_materialize,worker_task_fragments,execution,B,input,True,,worker_task_node_type_histogram,zero_is_valid_after_worker_task_parse
worker_node_count_memoize,worker_node_count_memoize,worker_task_fragments,execution,B,input,True,,worker_task_node_type_histogram,zero_is_valid_after_worker_task_parse
worker_node_count_other,worker_node_count_other,worker_task_fragments,execution,B,input,True,,worker_task_node_type_histogram,zero_is_valid_after_worker_task_parse
