decision_id,trajectory_id,source_state_id,target_state_id,action_id,feature_id,before_median,after_median,absolute_delta,relative_delta,status
aggregate-exact-fetch-size,trajectory_aggregate_exact_full_flow,A_raw_baseline,B_fetch_size,fdw_fetch_size_10000,citus_repartition_observed_v2,,,,,unavailable
aggregate-exact-fetch-size,trajectory_aggregate_exact_full_flow,A_raw_baseline,B_fetch_size,fdw_fetch_size_10000,coordinator_non_foreign_time_share_proxy,0.05724158259265835,0.052900434254433484,-0.004341148338224868,-0.07882819767522854,observed
aggregate-exact-fetch-size,trajectory_aggregate_exact_full_flow,A_raw_baseline,B_fetch_size,fdw_fetch_size_10000,edge_boundary_wait_share,0.544810840800117,0.4570157242490252,-0.08779511655109179,-0.17527009087984718,observed
aggregate-exact-fetch-size,trajectory_aggregate_exact_full_flow,A_raw_baseline,B_fetch_size,fdw_fetch_size_10000,edge_remote_bytes_sum,24000000.0,24000000.0,0.0,0.0,observed
aggregate-exact-fetch-size,trajectory_aggregate_exact_full_flow,A_raw_baseline,B_fetch_size,fdw_fetch_size_10000,edge_rtt_context_median_ms_max,0.39949999999999997,0.40349999999999997,0.0040000000000000036,0.009962640099614005,observed
aggregate-exact-fetch-size,trajectory_aggregate_exact_full_flow,A_raw_baseline,B_fetch_size,fdw_fetch_size_10000,edge_source_tx_bps_hmean,45155893.13277497,51618059.991003886,6462166.858228914,0.1335517801977867,observed
aggregate-exact-fetch-size,trajectory_aggregate_exact_full_flow,A_raw_baseline,B_fetch_size,fdw_fetch_size_10000,elapsed_seconds,8.286617,7.224479,-1.062138,-0.13695202453778013,observed
aggregate-exact-fetch-size,trajectory_aggregate_exact_full_flow,A_raw_baseline,B_fetch_size,fdw_fetch_size_10000,foreign_scan_time_share,0.9427584174073417,0.9470995657455665,0.004341148338224854,0.004594152975431609,observed
aggregate-exact-fetch-size,trajectory_aggregate_exact_full_flow,A_raw_baseline,B_fetch_size,fdw_fetch_size_10000,gac_aggregate_time_share,1.0,1.0,0.0,0.0,observed
aggregate-exact-fetch-size,trajectory_aggregate_exact_full_flow,A_raw_baseline,B_fetch_size,fdw_fetch_size_10000,gac_blocking_input_to_final_rows_ratio,3000000.0,3000000.0,0.0,0.0,observed
aggregate-exact-fetch-size,trajectory_aggregate_exact_full_flow,A_raw_baseline,B_fetch_size,fdw_fetch_size_10000,gac_fanin_to_final_rows_ratio,3000000.0,3000000.0,0.0,0.0,observed
aggregate-exact-fetch-size,trajectory_aggregate_exact_full_flow,A_raw_baseline,B_fetch_size,fdw_fetch_size_10000,gac_hash_batch_excess,,,,,unavailable
aggregate-exact-fetch-size,trajectory_aggregate_exact_full_flow,A_raw_baseline,B_fetch_size,fdw_fetch_size_10000,gac_sort_time_share,,,,,unavailable
aggregate-exact-fetch-size,trajectory_aggregate_exact_full_flow,A_raw_baseline,B_fetch_size,fdw_fetch_size_10000,gac_temp_written_per_final_row,0.0,0.0,0.0,0.0,observed
aggregate-exact-fetch-size,trajectory_aggregate_exact_full_flow,A_raw_baseline,B_fetch_size,fdw_fetch_size_10000,regional_actual_time_per_remote_row,0.0011312779999999999,0.0011380123333333335,6.734333333333585e-06,0.005935188839829066,observed
aggregate-exact-fetch-size,trajectory_aggregate_exact_full_flow,A_raw_baseline,B_fetch_size,fdw_fetch_size_10000,regional_input_to_remote_bytes_ratio,1.0114357226082078,1.0114357226082078,0.0,0.0,observed
aggregate-exact-fetch-size,trajectory_aggregate_exact_full_flow,A_raw_baseline,B_fetch_size,fdw_fetch_size_10000,regional_input_to_remote_rows_ratio,1.0,1.0,0.0,0.0,observed
aggregate-exact-fetch-size,trajectory_aggregate_exact_full_flow,A_raw_baseline,B_fetch_size,fdw_fetch_size_10000,regional_temp_written_per_remote_row,0.002686,0.002686,0.0,0.0,observed
aggregate-exact-fetch-size,trajectory_aggregate_exact_full_flow,A_raw_baseline,B_fetch_size,fdw_fetch_size_10000,remote_citus_dependent_map_task_count_sum,,,,,unavailable
aggregate-exact-fetch-size,trajectory_aggregate_exact_full_flow,A_raw_baseline,B_fetch_size,fdw_fetch_size_10000,remote_citus_dependent_merge_task_count_sum,,,,,unavailable
aggregate-exact-fetch-size,trajectory_aggregate_exact_full_flow,A_raw_baseline,B_fetch_size,fdw_fetch_size_10000,remote_citus_repartition_fanout_ratio_max,,,,,unavailable
aggregate-exact-fetch-size,trajectory_aggregate_exact_full_flow,A_raw_baseline,B_fetch_size,fdw_fetch_size_10000,remote_citus_repartition_mapmerge_count,0.0,0.0,0.0,0.0,observed
aggregate-exact-fetch-size,trajectory_aggregate_exact_full_flow,A_raw_baseline,B_fetch_size,fdw_fetch_size_10000,remote_region_actual_rows_max_share,0.6666666666666666,0.6666666666666666,0.0,0.0,observed
aggregate-exact-fetch-size,trajectory_aggregate_exact_full_flow,A_raw_baseline,B_fetch_size,fdw_fetch_size_10000,remote_region_actual_time_cv,0.4434871985912718,0.44627546099768395,0.0027882624064121675,0.006267429581046095,observed
aggregate-exact-fetch-size,trajectory_aggregate_exact_full_flow,A_raw_baseline,B_fetch_size,fdw_fetch_size_10000,remote_region_has_aggregate_share,0.0,0.0,0.0,0.0,observed
aggregate-exact-fetch-size,trajectory_aggregate_exact_full_flow,A_raw_baseline,B_fetch_size,fdw_fetch_size_10000,spill_location_count,1.0,1.0,0.0,0.0,observed
aggregate-exact-fetch-size,trajectory_aggregate_exact_full_flow,A_raw_baseline,B_fetch_size,fdw_fetch_size_10000,worker_task_scan_actual_rows_cv,0.38947029554397483,0.38947029554397483,0.0,0.0,observed
aggregate-exact-fetch-size,trajectory_aggregate_exact_full_flow,A_raw_baseline,B_fetch_size,fdw_fetch_size_10000,worker_task_scan_actual_rows_max_share,0.013666666666666667,0.013666666666666667,0.0,0.0,observed
aggregate-exact-fetch-size,trajectory_aggregate_exact_full_flow,A_raw_baseline,B_fetch_size,fdw_fetch_size_10000,worker_task_temp_written_per_scan_row,,,,,unavailable
aggregate-exact-fetch-size,trajectory_aggregate_exact_full_flow,A_raw_baseline,B_fetch_size,fdw_fetch_size_10000,worker_time_cv,,,,,unavailable
aggregate-exact-pushdown,trajectory_aggregate_exact_full_flow,B_fetch_size,C_regional_aggregate,regional_pushdown_rewrite,citus_repartition_observed_v2,,,,,unavailable
aggregate-exact-pushdown,trajectory_aggregate_exact_full_flow,B_fetch_size,C_regional_aggregate,regional_pushdown_rewrite,coordinator_non_foreign_time_share_proxy,0.052900434254433484,5.5188926554053555e-05,-0.05284524532787943,-1.9958313075184186,observed
aggregate-exact-pushdown,trajectory_aggregate_exact_full_flow,B_fetch_size,C_regional_aggregate,regional_pushdown_rewrite,edge_boundary_wait_share,0.4570157242490252,0.02039652034863146,-0.43661920390039377,-1.8291076898014793,observed
aggregate-exact-pushdown,trajectory_aggregate_exact_full_flow,B_fetch_size,C_regional_aggregate,regional_pushdown_rewrite,edge_remote_bytes_sum,24000000.0,48.0,-23999952.0,-1.9999920000159999,observed
aggregate-exact-pushdown,trajectory_aggregate_exact_full_flow,B_fetch_size,C_regional_aggregate,regional_pushdown_rewrite,edge_rtt_context_median_ms_max,0.40349999999999997,0.41200000000000003,0.008500000000000063,0.020846106682991146,observed
aggregate-exact-pushdown,trajectory_aggregate_exact_full_flow,B_fetch_size,C_regional_aggregate,regional_pushdown_rewrite,edge_source_tx_bps_hmean,51618059.991003886,1480602.4268906568,-50137457.56411323,-1.8884640509218036,observed
aggregate-exact-pushdown,trajectory_aggregate_exact_full_flow,B_fetch_size,C_regional_aggregate,regional_pushdown_rewrite,elapsed_seconds,7.224479,0.604713,-6.619765999999999,-1.6910470454675666,observed
aggregate-exact-pushdown,trajectory_aggregate_exact_full_flow,B_fetch_size,C_regional_aggregate,regional_pushdown_rewrite,foreign_scan_time_share,0.9470995657455665,0.9999448110734459,0.052845245327879375,0.054282527873543644,observed
aggregate-exact-pushdown,trajectory_aggregate_exact_full_flow,B_fetch_size,C_regional_aggregate,regional_pushdown_rewrite,gac_aggregate_time_share,1.0,1.0,0.0,0.0,observed
aggregate-exact-pushdown,trajectory_aggregate_exact_full_flow,B_fetch_size,C_regional_aggregate,regional_pushdown_rewrite,gac_blocking_input_to_final_rows_ratio,3000000.0,2.0,-2999998.0,-1.999997333335111,observed
aggregate-exact-pushdown,trajectory_aggregate_exact_full_flow,B_fetch_size,C_regional_aggregate,regional_pushdown_rewrite,gac_fanin_to_final_rows_ratio,3000000.0,2.0,-2999998.0,-1.999997333335111,observed
aggregate-exact-pushdown,trajectory_aggregate_exact_full_flow,B_fetch_size,C_regional_aggregate,regional_pushdown_rewrite,gac_hash_batch_excess,,,,,unavailable
aggregate-exact-pushdown,trajectory_aggregate_exact_full_flow,B_fetch_size,C_regional_aggregate,regional_pushdown_rewrite,gac_sort_time_share,,,,,unavailable
aggregate-exact-pushdown,trajectory_aggregate_exact_full_flow,B_fetch_size,C_regional_aggregate,regional_pushdown_rewrite,gac_temp_written_per_final_row,0.0,0.0,0.0,0.0,observed
aggregate-exact-pushdown,trajectory_aggregate_exact_full_flow,B_fetch_size,C_regional_aggregate,regional_pushdown_rewrite,regional_actual_time_per_remote_row,0.0011380123333333335,256.4945,256.4933619876667,1.9999822529171618,observed
aggregate-exact-pushdown,trajectory_aggregate_exact_full_flow,B_fetch_size,C_regional_aggregate,regional_pushdown_rewrite,regional_input_to_remote_bytes_ratio,1.0114357226082078,1.0,-0.011435722608207799,-0.011370706485587849,observed
aggregate-exact-pushdown,trajectory_aggregate_exact_full_flow,B_fetch_size,C_regional_aggregate,regional_pushdown_rewrite,regional_input_to_remote_rows_ratio,1.0,1500000.0,1499999.0,1.999997333335111,observed
aggregate-exact-pushdown,trajectory_aggregate_exact_full_flow,B_fetch_size,C_regional_aggregate,regional_pushdown_rewrite,regional_temp_written_per_remote_row,0.002686,0.0,-0.002686,-1.9999999992553983,observed
aggregate-exact-pushdown,trajectory_aggregate_exact_full_flow,B_fetch_size,C_regional_aggregate,regional_pushdown_rewrite,remote_citus_dependent_map_task_count_sum,,,,,unavailable
aggregate-exact-pushdown,trajectory_aggregate_exact_full_flow,B_fetch_size,C_regional_aggregate,regional_pushdown_rewrite,remote_citus_dependent_merge_task_count_sum,,,,,unavailable
aggregate-exact-pushdown,trajectory_aggregate_exact_full_flow,B_fetch_size,C_regional_aggregate,regional_pushdown_rewrite,remote_citus_repartition_fanout_ratio_max,,,,,unavailable
aggregate-exact-pushdown,trajectory_aggregate_exact_full_flow,B_fetch_size,C_regional_aggregate,regional_pushdown_rewrite,remote_citus_repartition_mapmerge_count,0.0,0.0,0.0,0.0,observed
aggregate-exact-pushdown,trajectory_aggregate_exact_full_flow,B_fetch_size,C_regional_aggregate,regional_pushdown_rewrite,remote_region_actual_rows_max_share,0.6666666666666666,0.5,-0.16666666666666663,-0.2857142857140408,observed
aggregate-exact-pushdown,trajectory_aggregate_exact_full_flow,B_fetch_size,C_regional_aggregate,regional_pushdown_rewrite,remote_region_actual_time_cv,0.44627546099768395,0.2165999604328042,-0.22967550056487976,-0.6929673152427118,observed
aggregate-exact-pushdown,trajectory_aggregate_exact_full_flow,B_fetch_size,C_regional_aggregate,regional_pushdown_rewrite,remote_region_has_aggregate_share,0.0,1.0,1.0,1.9999999999979998,observed
aggregate-exact-pushdown,trajectory_aggregate_exact_full_flow,B_fetch_size,C_regional_aggregate,regional_pushdown_rewrite,spill_location_count,1.0,0.0,-1.0,-1.9999999999979998,observed
aggregate-exact-pushdown,trajectory_aggregate_exact_full_flow,B_fetch_size,C_regional_aggregate,regional_pushdown_rewrite,worker_task_scan_actual_rows_cv,0.38947029554397483,0.38947029554397483,0.0,0.0,observed
aggregate-exact-pushdown,trajectory_aggregate_exact_full_flow,B_fetch_size,C_regional_aggregate,regional_pushdown_rewrite,worker_task_scan_actual_rows_max_share,0.013666666666666667,0.013666666666666667,0.0,0.0,observed
aggregate-exact-pushdown,trajectory_aggregate_exact_full_flow,B_fetch_size,C_regional_aggregate,regional_pushdown_rewrite,worker_task_temp_written_per_scan_row,,,,,unavailable
aggregate-exact-pushdown,trajectory_aggregate_exact_full_flow,B_fetch_size,C_regional_aggregate,regional_pushdown_rewrite,worker_time_cv,,,,,unavailable
aggregate-exact-wan-delay,trajectory_aggregate_exact_full_flow,C_regional_aggregate,D_wan_delay,wan_delay_10ms_probe,citus_repartition_observed_v2,,,,,unavailable
aggregate-exact-wan-delay,trajectory_aggregate_exact_full_flow,C_regional_aggregate,D_wan_delay,wan_delay_10ms_probe,coordinator_non_foreign_time_share_proxy,5.5188926554053555e-05,4.706393454504978e-05,-8.124992009003776e-06,-0.15891960072724506,observed
aggregate-exact-wan-delay,trajectory_aggregate_exact_full_flow,C_regional_aggregate,D_wan_delay,wan_delay_10ms_probe,edge_boundary_wait_share,0.02039652034863146,0.058700782092772325,0.038304261744140866,0.9685352233606916,observed
aggregate-exact-wan-delay,trajectory_aggregate_exact_full_flow,C_regional_aggregate,D_wan_delay,wan_delay_10ms_probe,edge_remote_bytes_sum,48.0,48.0,0.0,0.0,observed
aggregate-exact-wan-delay,trajectory_aggregate_exact_full_flow,C_regional_aggregate,D_wan_delay,wan_delay_10ms_probe,edge_rtt_context_median_ms_max,0.41200000000000003,10.4,9.988,1.8475767665555076,observed
aggregate-exact-wan-delay,trajectory_aggregate_exact_full_flow,C_regional_aggregate,D_wan_delay,wan_delay_10ms_probe,edge_source_tx_bps_hmean,1480602.4268906568,1182103.936653112,-298498.49023754476,-0.22420684032187171,observed
aggregate-exact-wan-delay,trajectory_aggregate_exact_full_flow,C_regional_aggregate,D_wan_delay,wan_delay_10ms_probe,elapsed_seconds,0.604713,0.76892,0.1642070000000001,0.23908423865745881,observed
aggregate-exact-wan-delay,trajectory_aggregate_exact_full_flow,C_regional_aggregate,D_wan_delay,wan_delay_10ms_probe,foreign_scan_time_share,0.9999448110734459,0.999952936065455,8.124992009084231e-06,8.125407432158935e-06,observed
aggregate-exact-wan-delay,trajectory_aggregate_exact_full_flow,C_regional_aggregate,D_wan_delay,wan_delay_10ms_probe,gac_aggregate_time_share,1.0,1.0,0.0,0.0,observed
aggregate-exact-wan-delay,trajectory_aggregate_exact_full_flow,C_regional_aggregate,D_wan_delay,wan_delay_10ms_probe,gac_blocking_input_to_final_rows_ratio,2.0,2.0,0.0,0.0,observed
aggregate-exact-wan-delay,trajectory_aggregate_exact_full_flow,C_regional_aggregate,D_wan_delay,wan_delay_10ms_probe,gac_fanin_to_final_rows_ratio,2.0,2.0,0.0,0.0,observed
aggregate-exact-wan-delay,trajectory_aggregate_exact_full_flow,C_regional_aggregate,D_wan_delay,wan_delay_10ms_probe,gac_hash_batch_excess,,,,,unavailable
aggregate-exact-wan-delay,trajectory_aggregate_exact_full_flow,C_regional_aggregate,D_wan_delay,wan_delay_10ms_probe,gac_sort_time_share,,,,,unavailable
aggregate-exact-wan-delay,trajectory_aggregate_exact_full_flow,C_regional_aggregate,D_wan_delay,wan_delay_10ms_probe,gac_temp_written_per_final_row,0.0,0.0,0.0,0.0,observed
aggregate-exact-wan-delay,trajectory_aggregate_exact_full_flow,C_regional_aggregate,D_wan_delay,wan_delay_10ms_probe,regional_actual_time_per_remote_row,256.4945,265.2545,8.759999999999991,0.03357936479034928,observed
aggregate-exact-wan-delay,trajectory_aggregate_exact_full_flow,C_regional_aggregate,D_wan_delay,wan_delay_10ms_probe,regional_input_to_remote_bytes_ratio,1.0,1.0,0.0,0.0,observed
aggregate-exact-wan-delay,trajectory_aggregate_exact_full_flow,C_regional_aggregate,D_wan_delay,wan_delay_10ms_probe,regional_input_to_remote_rows_ratio,1500000.0,1500000.0,0.0,0.0,observed
aggregate-exact-wan-delay,trajectory_aggregate_exact_full_flow,C_regional_aggregate,D_wan_delay,wan_delay_10ms_probe,regional_temp_written_per_remote_row,0.0,0.0,0.0,0.0,observed
aggregate-exact-wan-delay,trajectory_aggregate_exact_full_flow,C_regional_aggregate,D_wan_delay,wan_delay_10ms_probe,remote_citus_dependent_map_task_count_sum,,,,,unavailable
aggregate-exact-wan-delay,trajectory_aggregate_exact_full_flow,C_regional_aggregate,D_wan_delay,wan_delay_10ms_probe,remote_citus_dependent_merge_task_count_sum,,,,,unavailable
aggregate-exact-wan-delay,trajectory_aggregate_exact_full_flow,C_regional_aggregate,D_wan_delay,wan_delay_10ms_probe,remote_citus_repartition_fanout_ratio_max,,,,,unavailable
aggregate-exact-wan-delay,trajectory_aggregate_exact_full_flow,C_regional_aggregate,D_wan_delay,wan_delay_10ms_probe,remote_citus_repartition_mapmerge_count,0.0,0.0,0.0,0.0,observed
aggregate-exact-wan-delay,trajectory_aggregate_exact_full_flow,C_regional_aggregate,D_wan_delay,wan_delay_10ms_probe,remote_region_actual_rows_max_share,0.5,0.5,0.0,0.0,observed
aggregate-exact-wan-delay,trajectory_aggregate_exact_full_flow,C_regional_aggregate,D_wan_delay,wan_delay_10ms_probe,remote_region_actual_time_cv,0.2165999604328042,0.14309258672612143,-0.07350737370668275,-0.40872336270009,observed
aggregate-exact-wan-delay,trajectory_aggregate_exact_full_flow,C_regional_aggregate,D_wan_delay,wan_delay_10ms_probe,remote_region_has_aggregate_share,1.0,1.0,0.0,0.0,observed
aggregate-exact-wan-delay,trajectory_aggregate_exact_full_flow,C_regional_aggregate,D_wan_delay,wan_delay_10ms_probe,spill_location_count,0.0,0.0,0.0,0.0,observed
aggregate-exact-wan-delay,trajectory_aggregate_exact_full_flow,C_regional_aggregate,D_wan_delay,wan_delay_10ms_probe,worker_task_scan_actual_rows_cv,0.38947029554397483,0.38947029554397483,0.0,0.0,observed
aggregate-exact-wan-delay,trajectory_aggregate_exact_full_flow,C_regional_aggregate,D_wan_delay,wan_delay_10ms_probe,worker_task_scan_actual_rows_max_share,0.013666666666666667,0.013666666666666667,0.0,0.0,observed
aggregate-exact-wan-delay,trajectory_aggregate_exact_full_flow,C_regional_aggregate,D_wan_delay,wan_delay_10ms_probe,worker_task_temp_written_per_scan_row,,,,,unavailable
aggregate-exact-wan-delay,trajectory_aggregate_exact_full_flow,C_regional_aggregate,D_wan_delay,wan_delay_10ms_probe,worker_time_cv,,,,,unavailable
